-- phpMyAdmin SQL Dump
-- version 4.1.14
-- http://www.phpmyadmin.net
--
-- Host: 127.0.0.1
-- Generation Time: May 02, 2016 at 05:29 PM
-- Server version: 5.6.17
-- PHP Version: 5.5.12

SET SQL_MODE = "NO_AUTO_VALUE_ON_ZERO";
SET time_zone = "+00:00";


/*!40101 SET @OLD_CHARACTER_SET_CLIENT=@@CHARACTER_SET_CLIENT */;
/*!40101 SET @OLD_CHARACTER_SET_RESULTS=@@CHARACTER_SET_RESULTS */;
/*!40101 SET @OLD_COLLATION_CONNECTION=@@COLLATION_CONNECTION */;
/*!40101 SET NAMES utf8 */;

--
-- Database: `stu2stu`
--

-- --------------------------------------------------------

--
-- Table structure for table `access_token`
--

CREATE TABLE IF NOT EXISTS `access_token` (
  `id` int(11) NOT NULL AUTO_INCREMENT,
  `client_id` int(11) NOT NULL,
  `user_id` int(11) DEFAULT NULL,
  `token` varchar(255) COLLATE utf8_unicode_ci NOT NULL,
  `expires_at` int(11) DEFAULT NULL,
  `scope` varchar(255) COLLATE utf8_unicode_ci DEFAULT NULL,
  PRIMARY KEY (`id`),
  UNIQUE KEY `UNIQ_B6A2DD685F37A13B` (`token`),
  KEY `IDX_B6A2DD6819EB6921` (`client_id`),
  KEY `IDX_B6A2DD68A76ED395` (`user_id`)
) ENGINE=InnoDB  DEFAULT CHARSET=utf8 COLLATE=utf8_unicode_ci AUTO_INCREMENT=503 ;

--
-- Dumping data for table `access_token`
--

INSERT INTO `access_token` (`id`, `client_id`, `user_id`, `token`, `expires_at`, `scope`) VALUES
(1, 1, NULL, 'ZmY1MzBiY2ZkMDRjNmY5NDkzYzIwNjYwMzk2MmFhZTUxOGY4YTYwNDQ5YTUzM2JmMGEzNmM4ZmE4N2E0MTdlOQ', 1456138234, NULL),
(2, 1, NULL, 'OTQxMWFkYWZlZWQ0ZWNkMTA1Y2RlOTdjYzhkY2M3MmZiOWRkM2Q1ZThkZDViYWI3YjJhNzc2YzlkMjNkODc3YQ', 1456139839, NULL),
(3, 1, NULL, 'YzAzYmZmZTA5MWU1Mjk5ZjYxZWEyMzNmNjllMDIzMDVkMDkyZDUyMWQxNTg4NWJhNmExYjU4Yjg2OTg3ZTUwZA', 1456139892, NULL),
(4, 1, NULL, 'M2NhZTIwMTY4NDAwNmQyNmY5NjFjZWMzOTc0ZDJiNWRmZGMxODEyMTczNzQ3OGNhZDQwNmNkMGY3ZTA0NzFjMw', 1456140000, NULL),
(5, 1, NULL, 'NTYyNzI4ZWQ3ODBhMzRiMzgzODlmODg4MjQwOTJhZDQ5N2FiM2Q2M2IwNWFmYWZiMjQ2MTJhMWU0NWUwOTMyMg', 1456140116, NULL),
(6, 1, NULL, 'ZmQ0ZDAxMmFmZGRiODMyYTM5MTM0NjI2YjA3NTVhZTI1NDgxZDcwMjU4NWQwMjJiODQ4N2RjZjM4M2NkNzYxMg', 1456140287, NULL),
(7, 1, NULL, 'YzAzMWMwOGRjM2EzZjhhMzgzZmIzMmMyMGFkODc3NWUwMjBhZTljNDAyNGQ5OTMyOGZmOTIxYTY5OGFlYmFlOQ', 1456142281, NULL),
(8, 1, 24, 'NGFlMzM4YWY3YWYzOTg3ZWY4ODBhMzYwYWE5MmQzMjFhZTRlNTVhOGMwMDRjZWVkM2IwZDhiMTZhOGRlZDY3ZQ', 1456142433, NULL),
(9, 1, NULL, 'MzYyNjE3NDA0Mzc3NTZkMzc4NGNhYmNkZjM1MzAzYWJjYzA1NGE5NGU2NTE0ZDZjNTc0OGM1MjI1M2M2YzMzZA', 1456147804, NULL),
(10, 1, NULL, 'MjNiZWNkMTJiMzY2OGZhMjk0MGUzYWFlMGY2OGU0NDY2ZDgwOTE1MTQzODA4YTYyZWJmYTgyOTQ5N2VlNWIwMg', 1456148076, NULL),
(11, 1, NULL, 'OTI4ZjQxNGIzODBmYjg0ZTY5OTdhNTdhN2RmY2M3OTJiYjI2NTIzNzU0ZWQ4YTkwZGE5Y2JkZmI1ZTczYWE2OQ', 1456148650, NULL),
(12, 1, NULL, 'YmYzZGEyYTQ1M2ZkOWM1ZTQwOWJhMjI4ZDlkNjE2Nzk0NzMyOGM4NDBlZmZkZTQyNzRjOTg5NmMzMjgxMGNhZA', 1456148732, NULL),
(13, 1, 25, 'M2Q3MzAwMzk5ODYzNDFkZWIxNzk4Mzc3MzFjMmUyY2I3NjUxMTk4Zjg0OTlkOGU2MWZjYTZmNWFkNzEwMjgwMg', 1456155321, NULL),
(14, 1, 24, 'YTRhMTAxMTM0Y2MwNTExMGZkZWFiM2M3OGRmNDE2ZDEwYzY0YzhlZWJkZTIyNjdhMjdiNDgyZDBhY2ZjMjdjZA', 1456155516, NULL),
(15, 1, 24, 'ZTY4MTMwZjk5NWE2ZDE3ODZhNzFhMWViY2IwZTgxNjNkMzFiMDc3MWRkZGM2NGM1OTVkZDI2NTY3MjBiODBjMQ', 1456155590, NULL),
(16, 1, 24, 'NjJlMjEwMGYwM2M2NGRjOTg2ODE5MjZhNzc0ZDI1YTk1ZjU4OGZkM2JhYjFiNWI1MDU0ZTQzMjhlNTNiZGY2MQ', 1456155680, NULL),
(17, 1, NULL, 'ZDc2MWMyMzU0ZTlkNTMyNzQxYzM4MTYwNDhkODg1YTBjMzlkZTNkNDhiMTBmYzczMjg2ZWY4MzMzMTBhYzkxMg', 1456209019, NULL),
(18, 1, NULL, 'ZDA3MWJhZDY0NzJmMGY5MzY1OWMyZDk1NTk1MTQ2YmZmODdlODdjOTk2MGQ2ZWNlOWVjY2U1MDVlMWQzNDVmNQ', 1456209473, NULL),
(19, 1, NULL, 'NGNhY2I4ZmRhYzY1YjZhN2NhZjcwODE2ZjE3MjQzNjUxYjU3OWM3ZDkzYTMxMDVjYjRmMWE2ODUwZDEyYmE4OQ', 1456209500, NULL),
(20, 1, NULL, 'N2RhZDA4MTg0NmU3NDY1MTdkZTc4NDkxYjJmNDgwMWFhZjE0MWU2MDlhYTc4NzliM2I0MmMxOWI4MmVjMmFiNQ', 1456210298, NULL),
(21, 1, NULL, 'NTAzZmQ2YTgwNjk5NmNlNzBmOTJmYWY2MWNhZGZiNTVkMTI3ODZkMDkwYWFkMDVlMDkzOGVkYWNiZmM4OGVlNw', 1456210442, NULL),
(22, 1, NULL, 'OTE2OWI2OTE5OTJkZThlOTg2ODI4YjJmMmVmMmFkNjlhZTRkYjczN2ViZTI3YzZhZTFlMTY2ZGM1MDdiYWZkYQ', 1456210508, NULL),
(23, 1, NULL, 'NTE5MjExZjY4YWI3NDM0YTk5MDA5ZjQxZjFiOWIyNmNiMTE5M2M4MTRhYTE2NWU1ZmNiM2UzY2Y0MzdiNTkwZg', 1456210512, NULL),
(24, 1, NULL, 'NmEzMjllMjhjNWQyNjA1ODAwOTI4ZGY4MzlhZmViMjllOTMyYWFiYWY5ZjNlNThiN2UwMzY5MjdjMzIwNzQzOA', 1456210592, NULL),
(25, 1, NULL, 'MmJhYmQ3MWQ2OGYyMzAxNDZjZTAwMTY2MTVkMTU1NzQ5OGM5ZGZkNWNlOWEyZjZmZmM3ODU4YTg5NmI5MmQ0Yw', 1456210596, NULL),
(26, 1, NULL, 'MjcxZTgyYjRmYjMwODRmYTU5MmQ5YzU5ODVjNWVhZTRlN2M5NWFlMmU3NWI1YzAzODkzZjJmMGUyODA2MzE3MA', 1456210863, NULL),
(27, 1, NULL, 'OTY4NTQyNjllYzY4YTZjNWQ0YWYzYTkwNGQyMjdkYjdmZmU1MTY5MWJhNjA4YzI3ODdmYjFkOTFmODQ1NjlmZg', 1456210867, NULL),
(28, 1, NULL, 'ZGQ3YzMzZDFmYWM4ZDlkNWVhNWY4ODMwODgyMTE0NzE5YWExNGZjMzU1MGVmZDdjNDdhOTMxZTAwMTVhM2FjYQ', 1456210924, NULL),
(29, 1, NULL, 'ZTc5YzgxY2ZkMWI5ZjE3YTc2YTJjZTc2NjMyNTMwMzEzNWVkMDA2YjY5NjBiYTM1MDljN2ZkMGFiOTI5OWMwMQ', 1456210927, NULL),
(30, 1, NULL, 'YTJiMjk4MzgyY2QyM2IzNjMyZTBlOWNlZWQyZDdjMWZjMWUzYzQ2MzUwMGQ5YjE2MGEyMzlkM2FkNmI5MTkwOA', 1456210947, NULL),
(31, 1, NULL, 'ZTM0OTU1N2Q3Y2ZkYWZjM2FiZDQxOTUzMjU0MDM4YTBkOGQwYjE3MTQzMTU2NDAwZTIwYThmMzQyZDFkM2QzZQ', 1456210950, NULL),
(32, 1, NULL, 'YTZkNzMxZjQ0OGEwYTIzNmQzYWZkMzdmMDQ1NWZkZjc3OTYyZWUxMjZhMGQyYWY2MDczODBiODRmNjE3ZWJkZg', 1456210985, NULL),
(33, 1, NULL, 'MzdkMjhmMGMyNzZjODEwYzYwZDFjYzIzY2FjNjI4NDg4NGM3YTA2OGYzNDVhMDI2OWIxNzVjMmM3MDlkOWU3Mg', 1456210993, NULL),
(34, 1, NULL, 'YThkNzMyODYyODdmYzQ4Y2M4ODhiMzZlNTJhOWFiZTE3MmVjMjg1MmEwY2FiZTQ4M2VlZDI1N2E3YmNmN2JiYg', 1456211049, NULL),
(35, 1, NULL, 'YThjZWI1NmFhMTQzMTVmNDIwYzQ0M2RkYmM5NGYwYjM0MzI3MjJiNjE1MTY5N2JlODI2Mzg3MzIwNTYxZDhjOA', 1456211053, NULL),
(36, 1, NULL, 'MzUzMjUzMDlmMGJlODM5YjI5MDY2NmI4NjExYzY2NDE2ODY0NjEzYzFiZjU2Y2Y5NGRkM2RhYTJhYjQwZjg1ZQ', 1456211136, NULL),
(37, 1, NULL, 'NzU2YTE0ZTg2ZDIyNGNjYjMzNDRmODNjZjk5ZWYyZDRjOGExNDEzMzZjNTY0ODA3ZTczMDY4MWM4ZGVlMjg2YQ', 1456211141, NULL),
(38, 1, NULL, 'ZjMwZDEwMzRhOTE5Mzc3OWYwNDM2M2U1YjhhNjE0MTYyZTNmODgwNGQ1ODAyNjdkMzdjNzBlMzA5YzdkYTFkOQ', 1456211244, NULL),
(39, 1, NULL, 'YzRjZGU0YTU1MzBkMTg0NTk5ZWY2OTYxN2YxZDcwZmJjZGU3NDQxOTQ0ZjJjZTJkZTVlMjI0ZDkzY2RkYzAxNQ', 1456211254, NULL),
(40, 1, NULL, 'MDJhZDYxNjI4N2E2NDA2OWU5MGUyNTAyYTk1Y2FmY2E4ZjQ5NjQwMTc0MWEyMWM1NWJjYTY3YmFjNzdmY2JhZQ', 1456211303, NULL),
(41, 1, NULL, 'YmYyNTVhM2FjNzY5ODcyMWU5ZDQyMTZiNDMyOGU3MDJjZjIzNmI4NzVhMjNjOGU1NDUzYTk2YmNlM2JkYmFjMA', 1456211309, NULL),
(42, 1, NULL, 'NjJhMDY1ZGVlZmNjMDNkYjA4ZmUwZjNhZWE0MTVkY2FhYWM5MTE2NzBkZTZiODU0YzI5NDA1YTY1NTQ2OTczZQ', 1456211471, NULL),
(43, 1, NULL, 'MDZkYTNiYTI4MDg4MzQ4MzlmZjQ2NGFhNzM2M2IxZGUzNWUxOTExOTNmNzYxZDUwMjMwZGFjOTdhMTI4OGE2ZQ', 1456211507, NULL),
(44, 1, NULL, 'ZGFlY2M0MzljMzEyZjFmMTUzYjEzYTA4YTY5MjcxZTYyYWI1NDE0NWE2MThhY2I1Y2MwNmM2MWQ5YzAyZjY3NA', 1456211838, NULL),
(45, 1, NULL, 'M2U4ODZhYTdmNWQzNWVmMzBmOWJiMzNkNjk1ZTYzNjA3MGRkMzQwNGM5NmZiMGFhNmFjN2VhOGJlZjM1Nzc4MQ', 1456211842, NULL),
(46, 1, NULL, 'ZDAwMzc2YzJhZDE5MjczNjY1OGZkZWFhZmIxMjk2ZWZmOGVmN2ExMWUzY2U0YmI3NWI2NGNmZWNiMDE5ZTA5ZQ', 1456212126, NULL),
(47, 1, NULL, 'ZmU3YTdhMWU2Zjk0ODhkMDgxOTEyOWQ5NmJkMTViNmE2N2U1MTBkZjM5ZWVhY2I1MGVmY2UyYTg1NWIwOTgzOA', 1456212154, NULL),
(48, 1, NULL, 'NzJlMjUxMmU4NTBkNzE4YTgxNGFiNmM5ZWU3ZDI2NmJhODc4N2I5OTJiMTg2MTU1ZWM2Njg4NDdlYzVlNzFlMA', 1456212227, NULL),
(49, 1, NULL, 'NjViMDA4ZmFmODczOTI5ODg3N2Q2MjE3M2Y5MWUzZjBlZDJhZTk3NWI2YWZmY2M0NGEzMzU4ODlmNGE1NzFiMw', 1456212267, NULL),
(50, 1, NULL, 'NTQ0YTAyOGZlNjk1NjlkMWFkN2MxYmU5ZWQ0MWQ4Njg2ZGM2MWVlN2IyZTFlNmRmZjk2Y2YwYjM4ZGE1OGE1Zg', 1456212545, NULL),
(51, 1, NULL, 'MmU0MTJhNWRjMDIwNTcxZTE0NDc4OTEzNzVlYzdjNTJhOWUxYzU2NWJhNmUwMDdjMWRiYjhjMzQxNzQ1YTY1ZQ', 1456212548, NULL),
(52, 1, NULL, 'Y2I3ZTY0NzY5YzgzYTA5MmQ1NGE3NDViYWRiMzU3ZmU5MDZlZWE4YTA4ZTk1M2U4NzYyOGI4N2YxNjA5OWMxNQ', 1456212568, NULL),
(53, 1, NULL, 'ZmQ2MmVmMDFkNzdiNjY3YWNhM2Y0YWZiNWZiMGM5ZWFhOTljODg1YmVkZTViMWExNWI5ZmVlMjQwZDQ4NjVkMg', 1456212573, NULL),
(54, 1, NULL, 'MjEzY2RlOWQ3YTA3ODkyZWRkODU3YjcwMjEyMWQ4ZGI5ZDM3Y2FhZjM1OWI0MmU3NTQyNTEyMzcxNzllOWQ0Ng', 1456212596, NULL),
(55, 1, NULL, 'OTFmOGY5MGViNzAwZWFlNTk1MmZiZGQ1OThlMjA3Zjk5MWU1YTZjNjAxNmIyODVjZWYxY2NlOTBmMmJmNWI5Mw', 1456212601, NULL),
(56, 1, NULL, 'ZjhkMWJlMGMxNmEwMWVkM2UyMDI3OWJmOTViYmMyN2RkODA0NWVkNTZiNmRlOGI5MWQ1NGU5MGYzOTMxZGY3ZQ', 1456212638, NULL),
(57, 1, NULL, 'OGIzYWI0MTMyNzNmNmE1MjFjZDhmMzQ5YTQxMjNmZjljNmU3ZDMyZTI3OGU4OTIxNmEzNzM5ZDZkYzMyN2FjNw', 1456212794, NULL),
(58, 1, NULL, 'NGQ2YzgyZWUxYmNiODUwNmFiMDQ1MGQ1MWY0ZTY0N2ExMmM0MmVhYWZkMWRiNDJjNDM4Y2NlZjIxMTg3NjE4ZQ', 1456212822, NULL),
(59, 1, 25, 'ODVkNjQxYzE3ODg2ZGM2NDllY2IwYTU3MzJjMWY2Y2VkNjE2OWY0MTMwMWMzZTQ4OTBlNmUzMjI4NTNiMGZkYw', 1456212985, NULL),
(60, 1, NULL, 'NWI1NjhlMWU0ODk4MjlkMmFiYjJlNjY4YjAwNzRkODIxZWIwNTY1NjA2OTc1ZjFkMDBjZTgyZDhkOGE5MTIyMw', 1456213021, NULL),
(61, 1, NULL, 'OWEwNjIwNTg5YTA3YTRkN2ZmOTA4NDI1OGI2NjIwNTBmYzJmNzMzODcyMGI3Y2IzODNkMDliYWViMTZmZWRmOA', 1456213380, NULL),
(62, 1, NULL, 'ZmQzNTJmMzdhNTBiMmNlMzcwODQzYjNmMDIwZTlmMThhNWU4MzFjNWI3MmUwYmM1ZTFlYTBhNTg3OTI4NDg1MQ', 1456213464, NULL),
(63, 1, NULL, 'Y2M2YzMwOWRiMWM3YWYzOGJjYTUxNTZiYmQ1MGQzZjFlMDUxZDkwOGUzNDU3OTg3OTM5ZDFmMmUyYzQyZmE3ZA', 1456213531, NULL),
(64, 1, NULL, 'YjgxOTc3YWYxNzVlNzkwOWVmZDg0Y2EzNWJkMWM4MmJhYzQyZjI4ZDNlMDUyMTYyMTI4YmVmODMxYTc2ZmIxNg', 1456213708, NULL),
(65, 1, NULL, 'ZDc4ODNkMThjOWJmYjY3ZjRhNGIzNzA5MTY4YTFlNTY4Y2JlMDhhZmY5MzU1OGVlMjQ4NjcxMGQ2NWNjYWQ2Nw', 1456213742, NULL),
(66, 1, NULL, 'ZGE2NDFiZDhhYjcyNGVlOWI4ZDQ2ODFlNzdjMGRiY2M2NzE5YTE5ZGExNjk1ZjJkYTRiMzQ1MmNkZTY5ZmM5Mw', 1456213778, NULL),
(67, 1, NULL, 'OWNiNzRiOGNiYTc2NTA0YmM5M2Y2YzBkMWNlMWFhMTJiYzAxODc0NzM3ZjVhMGNjY2RkZDhjMWRkZTJmNzUxYQ', 1456213815, NULL),
(68, 1, NULL, 'M2UyZGUwODlhMDA3N2FhMDdkNGNiYTI5NTQ3ODVjYTJkYzRkNjlhYTBhMDRiZTYwN2U1ZGFiMjQ4YzdiY2EyOA', 1456213865, NULL),
(69, 1, NULL, 'MTAzNzU1MzgzYmRhNzcwNGQxNTM2M2ZhNzFmODFjMmJmZDUxNWU5YTFlZGNhNDZkNTljNjJhNThjYTFhMzRiNw', 1456213990, NULL),
(70, 1, NULL, 'NTEyYjkwODYzNzVjYzM5OGM4NmNkYjU2MzBkOWQ3YjE5OTMwNDRhN2NhYjg4NjY0ZTU0OGFhYzAxNjIxYjlhMQ', 1456214190, NULL),
(71, 1, NULL, 'NDRkMTBjMDRkNmEwNTQxZWZiM2RlMjgxYjYzMjY0YzdhMTc4ZWE4OWJmM2EwNThlNTAwNzZmMTY5MTBhYTc3Mw', 1456215797, NULL),
(72, 1, NULL, 'MDE2MjYwYWZiOWY3N2RmZWNjZjZjYTc1N2QxZThkNGFiNTNlN2VjOTBlOTM5ZTI3YWEzM2Q1NDkxMzY5NWIzNA', 1456215910, NULL),
(73, 1, NULL, 'MGI2NDgzYzE2NmQxYmVlMGNhMzg1MTZhZjY1YzJjYzA2ZWQ3MmM1ODA5MmM4YjgzZjlkMTFiZDdmNDIzMGQzNg', 1456216749, NULL),
(74, 1, NULL, 'MzEzYThiMmIxNjEzZjAxZTkwNTA3ZWMwMzE5OWRmNDRkZjliNzNjZTc3Y2NhODdiNWYxY2YzYzA3NzU3ODYzMw', 1456217224, NULL),
(75, 1, NULL, 'ZmRhNGMwZTAyYzZlZTBjZGI1ZjU1NGU2YWJiMjcyODY5NDk5MDJiZGY0YjJjOTAzZDVkN2QyNGU0YmIwMmNmZg', 1456217263, NULL),
(76, 1, NULL, 'ZjEzYTQ3ZGU2ZWRkMTY1YmIyODNlYzYzNzA4ZTk0MDM1YjBmNDg1ZDg3YjliNmI0N2QwOWQ0OWFkMTQxZmZmZQ', 1456219752, NULL),
(77, 1, NULL, 'NWZhNGZhNjNlMWIwM2Y5YzUyNTc3NjNkMWQxMWRiNDFlODRlMGJiNzc3NzRkZDUwOWI0MjAyNWU1MzEyNmIwYw', 1456219769, NULL),
(78, 1, 24, 'OGM4ZThjZmI4YTcyYmEzNzVhYzMyYTZmNjQ5OWY0YjdiZWRjNDFjYWNkOTJhNzY1ZTAyZDc2ODA4Yjk2MDk4Mw', 1456219835, NULL),
(79, 1, NULL, 'NzA5MWZlMGI1NTE3ODE4NTI1MmZmNGIzNzA3NWU1YzZiMmUyYmEyZjU3YTg3MzQzN2Q3NGYyOTc4NTU4MmU2Zg', 1456223655, NULL),
(80, 1, NULL, 'N2E0ZWEyNzNjZGQ5ODQxNWJmNWY4ZDVlMmVmNmNkMDVmMjQzN2MyMGJlMWI4MDVhNzhiNjNiY2JkODdlZDdlYg', 1456223741, NULL),
(81, 1, NULL, 'NDdjNzY4MjQzZDM0N2YxZTNjNGRkMzE4OTIxMDAzNmJlMzcxNzMxZGVjZWMxMDAyZTcwYmZjOGFhYjNjNTA5MQ', 1456223813, NULL),
(82, 1, NULL, 'MDA2ODhkZWVmZDE3MDc5YTE2OTJhNzgzNjQ0ZWE5YTMzMGMxN2YyZDk3NDViOWQyMzdkNTZkMGE5NjllYmM2MA', 1456223913, NULL),
(83, 1, NULL, 'ZDg0NDY2ZmQ4NjNjMjk1MTkyYWQyYzI3MmZhN2VmZDUxODFjMTE1MDkyMDZhODdlNWNkNzFjMDJhNjg0Mzg0Zg', 1456224109, NULL),
(84, 1, NULL, 'YjI3YzYxYzYwOWJmNThhMDk3NGIwMmQ4MmEzYzBkMjkyZmRiNTNkNzhmMzY4MmRmMzUxZjc4YTYyNDU1OGMxOA', 1456224188, NULL),
(85, 1, NULL, 'ZTljM2E2N2ZiOWIzNTYzZGI0MGRjNmNmMDkxNWMzNWEwMGUxZDI0NWNkZWQyZTMzMmUxNTBjOTcxYmMyYjYzMg', 1456224244, NULL),
(86, 1, NULL, 'MDczNWVlYzgwZjQ2M2QxNGM4YTgzZWM3ZTI0N2M3MTIyMjdmMjJiMjFiZjY3ZTk1YTAxNTY1N2U0MGVkNTg3MQ', 1456224761, NULL),
(87, 1, NULL, 'ZGEwZTMzNzAxMTc0ODM0OGVhOTc3NWQ5M2JjZjljNDJkYTcyZGI4ODI3ZjRiMTBmNTM2ZTFkMzYwNGU5NDM4Nw', 1456224778, NULL),
(88, 1, NULL, 'ZGMzNThjNWVkMjYzMTYxNjViZWRlYTk4OTVjNzM1NjhkMTdkNzYyYTk3NWQ2NjQ5ZjIyYTY1ZDM0MDZlYzdiMg', 1456224815, NULL),
(89, 1, NULL, 'NTRkOTQyMDlmMWVlM2VlM2E3YmRlNDVlZDdkZTdjZGZiNTVhOTZhNzI0MmQ2ODg2NTQwZDk3MWUwNDIxNGRhYQ', 1456224816, NULL),
(90, 1, NULL, 'Zjg4MmU1YzA2NzIyZjBhYzg4YmYyOGZhNGZjMmY2YzJkZDRhNTkxODE4ZTU1Y2VkMWJlMjBjMjFmMDcwNjQ1ZQ', 1456224978, NULL),
(91, 1, NULL, 'NjBkM2ExNDI5N2NiOWExOTViYTlkYTIyYzU5NzIwNmQ5M2M5ZjZjMmNjNTUxYjNlMzQ2NGMzZTM2YjYyODNmNQ', 1456225023, NULL),
(92, 1, NULL, 'OTQ1MDI5Y2MyZTFhMWUyYzk2NzhkMTEzZmNmZjRkYWY0NWZmYmEwNjM1ZWM4ZGU5YjdlNmQzNGFiMDk4MGE3NQ', 1456225102, NULL),
(93, 1, NULL, 'ZGRlN2NlNjdmOTg5ZDBlZGI2Y2Q0YmI2ZTEwOTFlYjhhMGY1NDQ0NmNkNWE4NjQzZDJhMGY2YjIwMTUxYWY1OQ', 1456225174, NULL),
(94, 1, NULL, 'MjcwYmEwYmU0OTAyNjQ4ZGE0NjhlYmQ3YjExNmMxZGM1NDA3ZmZjZDBiMDA0NTE1MjdkOWJkY2ExMDJkNDQ4Nw', 1456225857, NULL),
(95, 1, NULL, 'YzRmYjRjMTAwMzEwMTJmYTg1ZDMyNjlhY2FlNzA2OTdkNmQ0YjA1ZmZiNDdlY2RmNmMzOWIyYjc4NTAyNzY4NA', 1456225989, NULL),
(96, 1, NULL, 'Njg0NjA3ZTdiOTA5NWU5NDc2ZDIyNzdjMGE0ZTQwMjY5OWQwYjA3YWUzOTNmY2I1NzllYTk0NmMwMTc4NWE4NA', 1456225991, NULL),
(97, 1, NULL, 'NThkMjQ1MjE5OWQ5M2U5YmIxZDE2Y2E0NzNlZDQ0ZmNmZGFmOGU0MjIyY2JlODI2YTMzOTI0OTc1Y2YwZmY3OQ', 1456225998, NULL),
(98, 1, NULL, 'YjQ5ZDg3OTI0ZWE4ZjgxZjBmNTQxZDJlOTA1NDRmYTAyZDk0MjNjNTA0YWJlZDI2NGJiMzkzZTc2MDI4Y2M3Zg', 1456226013, NULL),
(99, 1, 24, 'ZDQ1NDUyYTM5MGUyMDhkMmZjNTU5ODk1OTdiNjJiNWVjYzQ5YjA2YmEyZGU4ZjEwNTQ4NjBmMzlhZDBjOGRlOA', 1456227055, NULL),
(100, 1, 24, 'MjcyOTBhYjRhNjY1ODc3NTgwMDUxMzUyYzIwOGYxZjJlZThjYTRmMjEyNjUwYTA1Y2I4NjhiMDgzZDc1MmI0OQ', 1456230810, NULL),
(101, 1, 24, 'NTcyZGRhMmU2NGYxY2UyZDk5ZDNlYWU1NGRjMDU4Yzg2YWUxZDMxMDdmNzNjODBmNTcxZjI5OGVkNjgyMjZhYw', 1456235455, NULL),
(102, 1, 24, 'NmY1MTMxOThlYWRmNzE2ZjRhZjJmOTM1OWQwN2VjNTc4Y2VmZWY5NDRkYmQzMTk2ZTAyYTNlYzNkZGEwZGUwZQ', 1456239603, NULL),
(103, 1, NULL, 'OTI2NTQ5MDk5M2MzODQ3NDY4YzJlZTI0ZjNmYWExYWZhNGRlMTFjYTljNDUyZjhlOTE0NTAyMzdlNjJkNWM2NQ', 1456240269, NULL),
(104, 1, NULL, 'YTY4MjI0YzExNDIwZGYwODE1NzM1ZjgxMzc2ODg4MzdkNDFiNjUzYTVjODhhYzQ0NGM1MmJhN2E2MzBmOTk0MA', 1456240273, NULL),
(105, 1, 24, 'YjAyZDliZjUzOWQxZGU2N2FlMWNkNzBhMTU5YzAxZjE2MjlkZWEwNGM0OGUzYTU3MTY4NDJjYmI3MjU1Yjg5NA', 1456293004, NULL),
(106, 1, 24, 'MDQ1YjBlZjY1MzUyM2Q1ZWRjMTY5OWU3MGI4ZDY0YWFkYjZhZWVhZDhjMjc4ZmU0NzQ1ZmM2NWJhZmZlZjVmYQ', 1456297688, NULL),
(107, 1, NULL, 'ZTI1YTQzNTFlNzgzMjNmMmRlOGNhYWE0ZGFlNDQxOGYyY2M2MDllZjRhMTU1N2U2NzljOGEyYzFkNzcyNzEwZg', 1456298527, NULL),
(108, 1, NULL, 'MGRjM2QzZGQwY2QwMjQ4NTUyZDNkYTg2MmY3ZTI4MmU4MjdiMzUzNzZjNTQwMTU4ZTQyMmZjZjQ0NGNiZjRlMg', 1456298530, NULL),
(109, 1, 24, 'OTM5MzFjYTdkMTc3MTRjYWQwODMxZjFhYjc5MzhiYjUxYzE3MjY2ODI4MmNlNWYzOWMxZTQxMGU3ZmRkYTc4YQ', 1456298675, NULL),
(110, 1, 24, 'ZTEyMzlmOTk5ZDMyOGQxNmI5NjJmNzE5NDIwMTVjMzg1ODFjMmU0YTJhZmRlNjg5Zjc1NTIyNWYzODgzMmJjNw', 1456308443, NULL),
(111, 1, NULL, 'NjAxNDVkNDA5YWY4NjZiMjBkN2UyMWFkZmIwYTg3OTBiZTE0ZDlkYjc2MjdjMzU5YzE1NGIzMGVmMzg1YTljZg', 1456315744, NULL),
(112, 1, NULL, 'NjdhZDI2Nzg0OGVlMjg1NzAyOTNkMjM2N2Y1YmY1ZWZhNWIxN2IwMjNjNGM1ODg4NDc1MDdjYzE5NmU1YTRjMA', 1456315789, NULL),
(113, 1, NULL, 'MmRmMGUxMjM1MTgyNzNkNzZlOTE3Mzg5NWY0NDUwNTZjNGFjNjVjZTE2NjEwZTZkMWJhNzBhZTgyODk0NGU5MQ', 1456315806, NULL),
(114, 1, NULL, 'OTdmNGNhY2U4MTVkZGI3YTQwOTg0N2NjNzRlYzc5NzU2NGNjMWViYTA0NTMxN2IxYmNiYTI2ODRhYWI2ZjA1NQ', 1456315817, NULL),
(115, 1, NULL, 'ZDJjMGQxMjAxN2RhZTY1YTg2NWM0MTIwNGVkOGUxNTBmOTlkMWQzZDM1ODc4ZDY4NmIxMDk2MjYzMWI3ZGU1MA', 1456315819, NULL),
(116, 1, NULL, 'NDU1YWE1ODQ2MWQwMzA1NjVjMzY2Yzk0MWZkNWUyOWRjODg2OTVjNzFiZTljNzFiZDc1OTIyN2JhODQ3NzczZg', 1456318964, NULL),
(117, 1, 24, 'MzM4ZGM3ZWZlYjhkMDI0OWFhYzU3OGUyNmJiNjUwZTdlYTBmM2JlMjI5ZmU2NDFkYjQwYTA5MjZlOWI5OTdjYw', 1456384723, NULL),
(118, 1, 24, 'YTA0YWNmNTYwN2U0M2VhOTVkOGFjN2VlNTQwNDNkNGYwNTQyMGE5MGFlMWU4ZmIyNzlmZWY0N2I0ZTAwOTRmMg', 1456465509, NULL),
(119, 1, 24, 'ZmNkNzk4NmY0NzRiNTA2YjE2NGYxZTE1YzdiMzAyOGViZWE2MmVlODg3NjA2YTYwMjY3YmMwMjA4OWQ3YTFlOQ', 1456469357, NULL),
(120, 1, 24, 'YWM2NTE3ZDUwODI1NjFmMzkwMjRlYTdkN2I0M2NiNGM2NjgzZmQzMGQyMzM3MTZkZmE0Y2MzZmQxNTA0NzdlYg', 1456474043, NULL),
(121, 1, 24, 'OWJlYzBlZTM3MDRlYzc2NDUxNDdhODdjMmRmMGVhYTc5NTMyMDVmZTRjODBjMGEyNmNmZjkwM2RhNzI2M2JmZQ', 1456477735, NULL),
(122, 1, 24, 'ODBjMzAwMmYzODg0Mjk3MTI1Zjg4MjFhM2MzNGI3NDZiMjVlM2VmNGM0MTZjYmYxMzQ2N2E4MmUwNzUxYjI4Zg', 1456479361, NULL),
(123, 1, 24, 'ZGE4YzE2ZTgwOTM2YTBjNTE4OWQzMWMzMWExNjMzODJkOTc4MGNlY2M2NDllOWEyNmZiNmYzZTRhMGZlYWEzYQ', 1456486278, NULL),
(124, 1, 24, 'YjdlMzRlMDg2NzA0YTNiZWU4ZWFjNzgwZDRkNjI4ZmNmNDJhMDEwN2RjY2U4MmY3OGY5Nzg5YjZhZjkzOTk2Mg', 1456487637, NULL),
(125, 1, 24, 'YTBmMDkxOTE5MzFjM2ZkMjJiMzVkNmZmM2FhZTYwMGM3YmNlODZjMjFkZTU2YjM2MTUwMTAzNGIzNDM3MDdmYQ', 1456488152, NULL),
(126, 1, 24, 'Y2M3MDk4NjUxMzlkNzRlMzQ1M2RhMmE5ODYwODNjNjg5YzBiZjc4N2FjNmVlYTMwNGVmYTNhOTE1N2U3MWNhNw', 1456832513, NULL),
(127, 1, 24, 'ZDg4YWIzNWExNmUwZTM0M2NhNGJkNDY0ZmQ5OTNjMWM0ZDk0ZTg2YTM4MGU1MWI4OTYzNWRiYjE4YjdlOGVlNg', 1456832631, NULL),
(128, 1, 24, 'ZDJjZGRhNGVhZTRjNzVhNDk5MTYzNmQxZDg4OWYyZDZiNGQ2Y2NjNzZlZTU3ZDkxOTlhMjNiMWQ2NWM5YzFmMg', 1456836295, NULL),
(129, 1, 24, 'ZTdlZjE1OTgzMTdjNjZjOTMxNzYzMGZhYTFiYjQ4NjA1YjBiZjFlNjAxNGZlYzFmMGIwODhmZGQ1NWI0NjY1Ng', 1456839971, NULL),
(130, 1, 24, 'MjY5ZjNkY2JhYjg0YzdkY2UxYWU3Y2Q4OGExNTlhNWUxNWFiODkzNjU1Y2RhMDA3Yzc0MTYxNGYzMTliNTU1Mg', 1456843725, NULL),
(131, 1, 24, 'ZDhmYzE4OGQ2ZTkxOWZmODZiZTJjZTkxNDM1NzRmYTI0NmM2MzZhMDlhZTQyNjYzOGE1MDNmN2NhMWM1OGZhOQ', 1456900024, NULL),
(132, 1, 24, 'MWY0NjQzMGM3NWViYWZiOTNmMTM5OWY1ZTgwMWExYjJiOTgwMzgyNDVkOWY2MzZmMWI4ZWY0NTljZmEzNzJlMA', 1456903643, NULL),
(133, 1, 24, 'NTM2NjE5ZGJlMjEzNGE3M2ZhNDdiYTJjZmNmOTM5ZmUxYjVlZWRjMDE5Y2JhZDUzZGM3NGE0OTNjYzg1N2E4ZA', 1456909755, NULL),
(134, 1, 24, 'NTIwZGU3MTQ3MDhhM2ZlY2E1MDhhMjZhNDZiYmNhNmUxYzk4ODM3YTU0YzYzYzM2N2U3OThhZDE0M2UyMGY1OQ', 1456913826, NULL),
(135, 1, 24, 'N2E2ZjkxODY2MjEwZmZlMzA0NTM4Nzc3YjlhMzI1Y2VkNTQ1ODA5OGMzYjRhYzRiODE1MDBmOGNhZjVlY2E0OA', 1456917666, NULL),
(136, 1, 24, 'ZDkxYmY5YmY5NTEyNzBiMmEzNDM2NWJhODc4OGY0ZTkyMTYxNWNjMTlmMTI1NDYyMjhhMjYwOGVjYWNlMmIwNw', 1456922308, NULL),
(137, 1, 24, 'N2Q3ODFiMjAzZTBmM2JiZjM5ZjIxOTlkZGE5MDBkMmE1YTljMjk0OTc1YTY5OGEyNzZlZjE4ZDY1ZWE1ZjkwOA', 1456925927, NULL),
(138, 1, 24, 'ZDBjNmZiMzMxMmRhMTc4MTU0NmE4N2VhNGYxNjgzNmMxZTY5NWUxNjM0NWQ0OWM4ODcxNjNhY2IxODM4NTBiYg', 1456985090, NULL),
(139, 1, 24, 'NTA2ZjdkNjJiYjlkNmRlOWUyNWU5ZmM0ODg0Mzk5YmQxMTE5MzM5NGQ1ZDRhNDE1YTRmYTY1NjY1MjA2NTVkMw', 1456988992, NULL),
(140, 1, 24, 'NmQ5YWQ5MTg2ZjgyNDA5YmNjZTQ3YmFmYzJiMDM1NjhmNzVlZjEzZTU3Njg3NWZkYmE5MTdlMmUyNDk2NzliMA', 1456994005, NULL),
(141, 1, 24, 'N2EwMTFiMjFkZTI5NmMwMDY4OGM4M2ZkZDVhN2Y0NzVhYTUxNjFkMzk2ZGY2MTE4ZDhkMzRlMzRjNzU2OTUxYg', 1456997644, NULL),
(142, 1, 24, 'ZGIzYjc1Y2Y4Mzk4ZmJkMzA5NDg0NTJhNTM0ZjBhNzkzNGNkNmM2M2JjNTEwOGU3MTRiNDA1NGUyYjBlZTIzOA', 1457001271, NULL),
(143, 1, 24, 'ZjkzZjE3ZjNiYWIwMmFhNTNlMjNjNThjMGZmNjYwYzdlYTUxM2U2ZDBlYzIyMGY5N2Y4MDgwNDlkZTk4YzljMw', 1457005159, NULL),
(144, 1, 24, 'NjU5M2UyYTYwNTVjMzBjZDdlMmRmNTA3MTc2NjNhNjUzMzNjMjZjMDM4ZTY4NDcyNTEyYjMyYWU4OTA4NjRkNQ', 1457009037, NULL),
(145, 1, 24, 'ZGM4NDcxMzJlOWE5NTExYmI3MjQ4ZjY5YWU0NjA1NjI4ZWIxMWJjNTM5ZGEyMDM4YWRjOTFiMmM1MzZhMDI2Mg', 1457071537, NULL),
(146, 1, 24, 'ZDM0MGJkMTc2NzlmMmI3MjNjZGI3Y2VhNGVkNmQ5NjgzYTJhYjkyNmNjMmE2Nzg1MjBlYzNjYjVmMWY1YjAxMQ', 1457073746, NULL),
(147, 1, 24, 'OGFmZWZmOTIwMzY2YjdkNGNiZWE4NGIwNGRlYjcyMWFmYjI1NjMxNTJmYjc1NzUzM2JlYmEwNmYwODBhYTgxNA', 1457076020, NULL),
(148, 1, 24, 'M2M2YWRmMDUwZmQ0NmRiOGNkMjM1NmI5Y2QxZWQ5ZjY2NzM5MjRkYWM2MzdmOWEyYjU4ODc0MmY0ZDkyNGYyZA', 1457077544, NULL),
(149, 1, 24, 'MTgwNDMxMjNhNWIzYjAzYzc2MTViNGY2NGUxZWYzZTZmMjhmZWI2ZTVlZWY4OGI5ODFhN2E1OTUyYjU5Nzg2OQ', 1457079802, NULL),
(150, 1, 24, 'NGI1N2RhZjQ3ZGJhN2NkZWEzMDFhYmJiOTE0YTVmZTIzZDg3MjE0NzcxNWUxMGQ0ZjkyZDAzZTc2MTE1OTRhMQ', 1457083569, NULL),
(151, 1, 24, 'ZTVjOTJiMDk0NDZjNTUxNDczMWE5Y2E1MTIzMTQyMDI4ZGQxNzg1MGExOGU1NzQzYmM1ZGIwMTczNTlmN2VmZA', 1457087886, NULL),
(152, 1, NULL, 'M2EyNzExYTIyN2EwMGE5MGY3YjE5MTQyN2IzZWJlYTFkZDI4M2Y0NDA3MmNhYTJmYmU1ZjJmNjcwMGVhNDlkMg', 1457351086, NULL),
(153, 1, 24, 'NTdhMWYxOTk3YzAyYTFhNTQ4OTVlMGYyYzQxODJkYjk3YjcxYmFiNDA5YzQ1MWY5ZjhjM2IwODU1MTY1OTcyYw', 1457351120, NULL),
(154, 1, NULL, 'ZDZhYjBhMjRkYjc3NDgzOWM1NGQ3NzBjNGNkMWFjMWEyOGU4YjY3M2UwY2JiYmQxN2E5MGE1MTlmYjYyNGZkYw', 1457351137, NULL),
(155, 1, 24, 'YWZkZTEwYWFjMjQ4MDRkYzRkZWI0ODQyM2FmYTU3MzhiYTIyNGY3Y2U4NmY3MmIzYzAwNjk5ODRmYWJjYTk2OQ', 1457418551, NULL),
(156, 1, 24, 'MWY5NTk1ZTcwYmRjNjZkMjVmZDEzZWQxZTRlMzFjNTdhYmRhODEzOTM2MTZhYTQxMGEzNWFiMDZlMTc4MDczMQ', 1457422982, NULL),
(157, 1, 24, 'ODg5YjRlY2NhZGM0YzlkYWUzM2I2MzI1YzMwMDEzMDU2MTViMDQ0NjdhMDViZDg1NzJhOTdkYzI0YzcwMzc3Yw', 1457424035, NULL),
(158, 1, 24, 'N2QwODM3MDFlMDM4ZTkxY2I2Zjk2NTMxZjRmMDUxZjI4NjZhMDI5NDY5ZDBlOGFjMWRkMjYwZTdiOGE3OWNiOA', 1457427770, NULL),
(159, 1, 24, 'NjMyMGI1Y2E1NjQ1ZWZmNzBhNGFlOWIwN2YxZjg3MzgzZTc2YmEzZGU2OWQyYjQyYTY2N2Y5M2U3NzQ4MTFiMw', 1457433585, NULL),
(160, 1, 24, 'MDJiMDE0Njg4YWFlZjA5NjJjMTBlOTgyNDBlNTdhZWIwNWU3NjY2MDgyYzE5YTViNjFkMTgzMjY3MjAyMDUyNw', 1457444490, NULL),
(161, 1, 24, 'ZGMyOGJiMzBhNmNkNjZmMTk1NmE1ZDc2YzJlMzQwYTdlZjEyYTQyZmU1ZGFkNTc5MTdlM2IyOGMxNDk4ZGUwZQ', 1457503078, NULL),
(162, 1, 24, 'NGZiZmFmZDIyZmM2YzA4NzlmYTEyM2RlNGVjMjU5NDI1N2M1NGNjZjViYmNmNjQ2MWUwZTMyMTAwZjFlNDkwYg', 1457517881, NULL),
(163, 1, 24, 'NWZmZTNjMGVhODQzMzhkYTc2ZWI3ODk3ZmM5OTA2YTRhZjE5YzU1MDY4NTAyMmRjNTdlM2Q2MzZlYjhjODA1Mg', 1457521613, NULL),
(164, 1, 24, 'ODE0ZjFhOTY3ZjYyZDkwZDRhOWM1MjU1ZWRlODNlMmM5MTU3ZWVjYjVkMzliYjBmNWQ0MDU1NjI3Yzc4MDI4ZA', 1457529060, NULL),
(165, 1, 24, 'OGVhZjc0NjAxNmRmMTE5YzI4YjQ4OWZhNWJhZDIyYTc1YjIwMzZkNGUxYWM4MGUxZjBjOGMwOGJkMjliY2U1Mw', 1457533479, NULL),
(166, 1, 24, 'N2JlNDNlZjVlYjgwMzNlZDBkMmNhOWEyZjdlMmMwOTFiOTNkZWFmNmZjZDJlNjdlNmZhOTYyNmZmYWE4YmFiYg', 1457586026, NULL),
(167, 1, 24, 'ZDI2YmE5N2IzZjBmODJmYmE0YTJhYTk1ZjQ1NDhlZDk2ZjNjYzRkYzU0OTgyMzExMTQzMjAzNTMzNjM4YzQzNA', 1457604222, NULL),
(168, 1, 24, 'MDRiMzU2ZWEyNDhjMTZkMmM3NjBlOGM0NWNiYmNmMWVhZTNiMTZmYTFjYjVlMTk2YjdiYmQ3Zjc3ODVkYjhjMg', 1457608152, NULL),
(169, 1, 24, 'NjQwNWJlZDgzYTE1YzljZWI1OTZiMDg5MGRlMzkwNjQxNDQ3MTk3MTI5NTA2MzE0YjY0YWY0ZjY5NWUyNjA2OQ', 1457608395, NULL),
(170, 1, 24, 'NzhlYjU1NTUwN2Q1ODlkOGNjNmFlYjFjZDUwYzBhYjMxNzUyODY5M2UzOGZlN2Y3NDE3YTU0ZDFhZTcwOGM5ZA', 1457612228, NULL),
(171, 1, 24, 'MzQ3MzkwYjllNjA3YTQ3N2RmZTdjMDRjYWNhNWQ2YjFlNTI4MWI0ZTY2NGY2N2QwMjE5YTVhYjI0MWI3ZGI2MA', 1457617264, NULL),
(172, 1, 24, 'ZmM0MDAzMDc2ODcyYzE2N2FmOTEyZjhlNzdkMjU2MDM5ZmY4M2FmNWEwMjVmYzQxNjNhNWE1NzE3MmUxMjJlNw', 1457673573, NULL),
(173, 1, 24, 'NWZhZTFhZWFhY2EyM2YxZjM2MjY3ODM5MjUzZDJhYWYyYjNmM2VkYjA2NzZiNTdjNWI1OTc4ZDJmMmQzYTI0Yg', 1457677469, NULL),
(174, 1, 24, 'ODJkYzY1ZTU0NzgwNzZmZjFmNmU2NTg1YjZjZmQ5NGFkNWMyMmMwNTE2NzkyMzEwMWE2NTRjNzkyMzZhYmYzNw', 1457681234, NULL),
(175, 1, 24, 'NTdmN2Q2ODBlMzA1NzE3YjE4N2Y4ZDE0YjEzMDg0YmMwMDdjOWZjOTg3N2ZhNzQwMmM4ODE3YmZjNzg5ZTg3Yg', 1457686004, NULL),
(176, 1, 24, 'YTI2NDg1MTYyZjdiMDQxZTIyZTUxMGIwNWZkYTM5ODRmNjJmNTJhYjRhOTEzODk2ZWFiMTA5ZGJhNmVmMjM3Yg', 1457692224, NULL),
(177, 1, 24, 'MDc5YTYyNTZmNDk1ODZlZTAwZTc3N2M4YWZjYmVlMWM4ZDA5ZGU4OGM0ZjlmYjE2ZDg2N2Y2ZjkwMWE2YWEyYw', 1457696541, NULL),
(178, 1, 24, 'YjEyMGU4MzczZGQ3ZjYyOGQ2M2FiZTYxMWM5MzNiNDgyMWZiMGFkMjNlODJhNzVlYjdjOWRhMGMyOGNhZDQ1Zg', 1457933955, NULL),
(179, 1, 24, 'ODk0Y2RhMDlkZjA1YjJkZGZlYzYwYzJiM2YyZDk0ZTQzMWYyNDFlMWUxYTk3MzE3ZGEwMjM3Y2U1OGFiMGZlZg', 1457937583, NULL),
(180, 1, 24, 'ZGQzNDNlNGRiYjliOGVhOTk3NDg0MGUyNDFiZGYyMmQyYWU5MDk0ZDQzZmI2MGQ4ZjI0MWRkMTU0Mjc0MmE3Yg', 1457943236, NULL),
(181, 1, 24, 'MTZmZTVhMzEyZWM2OWY0OTAyN2M3MzI5YWNhNTVjNmYwNmFjNWE4YzQzNTdmNzI2YTM5ZDRiZTE2NTFmMTgyMQ', 1457947087, NULL),
(182, 1, 24, 'OWVmZGFlYWNhMzA1MTIzMzlmNDg3MjFmMDJkZDAyODk2OGE4NmIxM2EwN2U1ZjdjZDQ0YzA5ZTQ1YTU2MTgxYQ', 1458029875, NULL),
(183, 1, 24, 'MmYyYTJmNTcxYTRiZmQ0Y2MzZDUyODlhNGFkMTYxYTc5ZGJmNTBkZTQzNGJmZWFkZmU1N2JjNDQ0MjY3ZDlhNQ', 1458033803, NULL),
(184, 1, 24, 'MTVmYTljZTM3MTVjMzE2MDViNTFmMWIzMTcxNGFlMTM2NTg4ZGJmNTU3YWU2NDVkNTM1OTJhOWQ1NjI3MmE0ZQ', 1458037627, NULL),
(185, 1, 24, 'NDIwZGVjODIwZDU5MTdjYWZmMWU0OWFkYjY0YzBiMDMwMDg5NjYwNDMzNzgwZGUxZGU3YTAwZTBkODQwZDBhZQ', 1458043093, NULL),
(186, 1, 24, 'MTdjYjdmNjYzZjkxNThjNDE0YzNmM2MyY2E3ZDJmZDZhYzlkNjQwNTI3MzdkOGU1ZTYzYTkzZGFjZjA2YjNkMA', 1458049194, NULL),
(187, 1, 24, 'ODQ4OGY2MmUzODJiODUwNWE3Yjc2MGIwMDk2Yjg0ZjUxM2U0ZGNkY2JjMDMzOTZhZTk4ODliNGYwNWVlMzQzOQ', 1458053577, NULL),
(188, 1, 24, 'MjM3YjY4NDdmZDlkMWY4N2MyZWZkZTVlMmY5NDU5ZjNjNjgyZmU4Njg1YTgyNDI0MjY2OWU4ZGZiOTQzNTgwZg', 1458057253, NULL),
(189, 1, 24, 'NDdlNDM0MDEzZjA5OGI0ZTZjZDk0MzZmNzAyZDA4MWVkYTBkN2FlY2RiODU5NmIxNmRhNGUxNjEyMWM1ODM0MA', 1458109544, NULL),
(190, 1, 24, 'N2E5YThkNTQ0YmU0ZmEzN2ZhZDIyZDdlZmI4ZDRiNjZiMTM1YTVkNjIzNDA5NzA3ZjVjYWVlZGVhYTBmOGQ4Mw', 1458115684, NULL),
(191, 1, 24, 'OWUyZjA5YmMzYjQ1OWNmZmY0OThmY2NkN2QzYTE2MTMxOGEzYjM0NWYwNjRlMGQwNGM1YTI1YzM2OGQ2YjZkYg', 1458119865, NULL),
(192, 1, 24, 'Y2IzMDQxYTI0YTkzZDI0NGQ0OGNiZTk0YTk5NGEwODNlNzM0NGQzNTI2Mjc1NThmYWRkMmJjZTY3M2MxNDJmNw', 1458566207, NULL),
(193, 1, 24, 'NzIyMDRjMmEyZTJlNjdhMzNhOThlMmUzZjY2MmJjZTU5ZjEwNTg4ZmMyZTE2OTYwMGUzMGJkYzFjM2UwMjkzMQ', 1458570069, NULL),
(194, 1, 24, 'M2VjZWVhYzY3MGI3YzA5NzhjZjExZTQ5M2IyNjg2OTVkNjRlODhiMzYxY2MwM2UxMTZjOTgzNzY3OTViOTY3Zg', 1458626155, NULL),
(195, 1, 24, 'YzQxMGM2Y2M3NTc5OWVkZDE0ZmUyMjg2NzlkMGVhMzIxMDVhY2Y3YjZkZjcxODdhNGEzN2UzNDk0ZmYwMzA4OA', 1458630759, NULL),
(196, 1, 24, 'YmRkMDQyMWIyY2IyMjkwNGE5NWVmMTU3MWRkZDRiYmU3OGU4YTgxYWU4NDFkYjA1ZDYxYWY5ZjgyM2I1MDY0YQ', 1458635026, NULL),
(197, 1, 24, 'ZThhMTdiMGUwYTE0NzhjZWE1NGQyYzM4N2IzZDQ5MGNhOGE2MjJiY2JmOTA3Y2UxMDM4MDllNjU3NTkzMzhjYg', 1458635063, NULL),
(198, 1, 24, 'NWFkMjJjZjI1MDVhYjAzN2M0MzA2MTRlZDhhMjFkNzc0MWZhYzBjZGJiM2E1ZDg1NmFjNDEzMTdlNDc3NzRiMA', 1458639366, NULL),
(199, 1, 24, 'ZTA4MjA3NThmMWU5YTM4NmFmMzdiZTRjOTQ2MWM5YjczMzNjNGJlZWJkZjliMGEyZmRjODczOWNjZGNkNmU5MA', 1458643127, NULL),
(200, 1, NULL, 'NTQzNzAzMzQ4ZDA1MDNiNjE4MDkyNGJkODczZmFjMzY5OTliMzBhMWY4MGZmNWVkMzBlNTBiNmQ2NjQyOWU1ZQ', 1458900177, NULL),
(201, 1, 24, 'M2FiNjI3ZGYwOWE0OGJjMGI4NDljMmE1YmJiYTQ5ZmNmY2RlZDM2Yzk2NzRjYzUzZjUzMWNhMDRjZGJkZGNjZg', 1459144314, NULL),
(202, 1, NULL, 'YWVkMzI2MDg1YTkyNmQyMzNkZWMwNThlMjg4ZjhiNjI5ZWFjZmIzNjBhZDczNjE2NTdiMDk0MjJlZWEyNDE0ZA', 1459329815, NULL),
(203, 1, NULL, 'YzZkNWVkNGJlY2Q1NTNhMTkwZGNlMzc3YzA5OTdmZDFiNzk3NDJmNmIwYzY1MWE1NDdhYjExM2IyNmVhOTM2OA', 1459330437, NULL),
(204, 1, NULL, 'N2QzYWIyMDc4MWYwY2M0NGMxOWFlM2ZhOWI3MWIxODMzNzA2MzdiMTRiNThjNjFkMWNkMzJiMTUzZDdmYzk2Mg', 1459331404, NULL),
(205, 1, NULL, 'N2Y2OTgyNWMxMjFiMDlmZGY1ZjNhNzFhNGY2MmNkNzVhODE2ZjQyM2ZiMjc5ODNjMDdjMDVmZjM5YzdkZmZhOA', 1459331411, NULL),
(206, 1, 24, 'NTc0MDQ5ZTA5ZmY2NDcxZGMyYmJjM2MyZGI5NDU3OTZkNjEzYzA2M2Y1YzZlN2QxY2M5YTRkMmU5ODg5ZDQ5YQ', 1459331741, NULL),
(207, 1, 24, 'NTNiMjBmMDBhM2QzZGUyOTBlYTc1MDViM2E3N2Q4ZWU0ZjA3ZGEwNDRmMmYwMDlkYzEyMTY0NGFiMTRiZDc1ZQ', 1459333828, NULL),
(208, 1, 24, 'N2QyOTZmYTEwNGY3NjQ5MDM0NDFlNjY5OTJkNGY4ODQ5YTVmNTg1YzFmNzMyYWRhODI0ODExNjI5ZmQ5MzcyMg', 1459337508, NULL),
(209, 1, 24, 'OTgxNjgzYTdkZjY0MTBjNDgyZDA5YTVlMmU5N2RkNTBmNWFkZTVhZjBjODdiN2ZlMTY5ZTMzMjY5MTQyNjRjMA', 1459337814, NULL),
(210, 1, 24, 'NTBkNjY1MTQ5OWYyMDAyMjc2ZDNkZDM3YjhmNTlmZGE1NTUwMjc3Y2JkMmY1Y2MwMTM2YmZjMWM0NWFhNzk1OA', 1459337859, NULL),
(211, 1, 24, 'MTVhMTVjZDM1MzBkMTVjNjRhNjQzZGQ2MTUwY2I2ZWNiMjg5ZTIyNjYwNWU1MjZmNmFjYWMxNjA2ZTRkMmMwOQ', 1459338087, NULL),
(212, 1, 24, 'NTBkMDBhZTliMTQyYTg5ODZiZmM4NzQxZTZhNGZiMGZlOWU3YTFiNmE1OThkOGIzZTkwZDdiNDAwNDkxY2QyZQ', 1459342195, NULL),
(213, 1, 24, 'NjJiMTVjMTFmMGIyM2ZiZTE2ZjNmMDU1MzM4ZmU0ODZjNGQzNzA5MmNlNjQ3MGExMGVhM2VlMTQ3NGFmMzNiMQ', 1459345431, NULL),
(214, 1, 24, 'OTQ5NTI2OTc4MDczYjJiMTQ5NmY0MWQwODc2M2Y4ZTA0NDVjMmE2NWEzZGM5NTliYmMyMWFkMmNjODdlNmZlNQ', 1459409876, NULL),
(215, 1, 24, 'ODM3MmEwY2ZiOGE5NDE4YTNhNDRlNDIwMDQ5MjEwYzg3NWZiMzY3Y2NlOGE4ZWM4MjM3MTYyODBmOWZjMmY2MA', 1459416514, NULL),
(216, 1, 24, 'NTEzMDYyNmQxZDQ4M2NmNjUyMTFjZjk3MjRiOTBiMDJkMjM5M2U3ZTNjZTBjNTQ0YzE1MTdlZjhhZGRkYWMyNw', 1459417093, NULL),
(217, 1, 24, 'ODRhOGFhMmI4ZWY1ZTM0OGY5MzA4ODRkMjIwOWM1NWM5NzkyNjFkNTc4YmM0MjU5ZTkxMDVhN2ZkYzRlZDY0OQ', 1459417128, NULL),
(218, 1, 24, 'Y2NkNGJiN2Q1MzNmZmNhYjdiYzRmZmIzNDI1YzE1MDc1OGUwZGQ1OWFiYTczYmQ3Mzc1MDFmOTI2YzMyMDcxNw', 1459417179, NULL),
(219, 1, 24, 'ZGFjZjEzMzE1ZjJlOGU1ZWNjZGU2OWI2OWM5Nzg5NTBkOTkyNDM4YWU3ZWJmYTE2MzU3ZTM5MGE3NTdhMjk2Yw', 1459417560, NULL),
(220, 1, 24, 'NTQ3YzM2MTMzYmVmMjM2YzNkNjhmZWJjOWZhZWQ0OWZjMzM3MDdiMGIwZWY5YzU0OWIzZDQ1YjE4ODczZTY2ZA', 1459417588, NULL),
(221, 1, 24, 'ODI3YTNhNmU2OWU0OWFmNmFkNmUyNzA4MmMwOWIzNDhjNzU5ZmYwZmE5MDA3YWFjNjZjMWMwNjJiYjU5M2NjMA', 1459417657, NULL),
(222, 1, 24, 'YjlmOThkNDljNDE2ODRkYzkzNzRmMzk2MjUwNDQ0M2FlY2JlMjNjMDU0MDc2MGM5ZDcxMjRhYjQ4Y2EzNTFjMw', 1459417737, NULL),
(223, 1, 24, 'YjU5YWU0YTcwMTAzNjk3YWZhMzM5YzlmOTQ1MGQ4NDQwZDc2NzY5NTFiNmYzYmMzN2FhYzRjZmFiOWQxYzQxMQ', 1459417771, NULL),
(224, 1, 24, 'NGE2MTc0NTNlM2VjYzllNzM2Njg2MDVkOTZjZDlmNWU1OTMxOTlhYjUzMjFlMTQ5YWY4YWU3NjBhZmIxOWZhNw', 1459417992, NULL),
(225, 1, 24, 'ZDhlOWEyYzQzNTcxNGRiNzhiZTgwNDA2NjgwZTY0YjQzNzBjMmNlY2JlYWYwNDgyZGQ3N2MzNDdjMjQzYmJmNw', 1459418102, NULL),
(226, 1, 24, 'NWQ0NGRiZTkzY2ZhNTkwMzEwNGE1MzNkMWUwYmNiNzQ2M2FjZjg3MGNkOWQ5OTBmMWExZjllNjEzOWYyYjEyYQ', 1459419304, NULL),
(227, 1, 24, 'YzVlMTA3MzdlODkxMTg5M2NiNjM4ZDBmMWFiNGE2YTQ0MGQ0N2NiNmU2ZWI0OGQ0NmU2NTRmMGIzNWM4MDA2Zg', 1459419350, NULL),
(228, 1, 24, 'ODVkMDAyMzkyYWY0ZjQzNDBhNWU0ZTliMjlmOGQxYWMxZDRiM2FiNDI3ZTM4MzJmMjMzZDJkNTkwMDNlNjM1Ng', 1459419472, NULL),
(229, 1, 24, 'YWUzZTdjYmQxOTU2NDY4OTg0ZmNjOWY5ZDA1OTZmNWVjY2JjOGNhMTVmZmFkYzExYWMxNjIyOWQ3NGVhNjQyNg', 1459419715, NULL),
(230, 1, 24, 'MGM4ZWNlM2FjODY3NjAzNzk1NDFkMzg0ZWYyNTIwODM1MWRiNjY4NWFmZmU4ZWY1Mzc0NTE3MTFlNWNmZmE3Ng', 1459422911, NULL),
(231, 1, 24, 'ZmY1MmQ3OTYxY2M1MWQxNGRiMTJlZTdkMzI2YjNkMDJiYmUwZmY4YTdmMTM0MzI5ZTBhOWU2YWNmZDkzYjg0Yg', 1459423267, NULL),
(232, 1, 24, 'YTcyNjYyMjhmMjkyY2QwZjllNDYxOWQxNDEyMDM1NDQ3ZjgyNzliNTAwODg3YjdmNDU3NDRlOWQzY2Q0MzEwNg', 1459423704, NULL),
(233, 1, NULL, 'M2Q2YzY2MWM0MmJiZDhmZTM1M2M2MTNlMzExNjg4NzI0ZDgyMGU4ZTBmZmEzNDQxMWNjYjdhMTUwYTBjMjZlYw', 1459490030, NULL),
(234, 1, NULL, 'MGFmMzBmZjBmYzdiNmQyN2E0ZmM3MGQxYjBlNTM1MzViOGVmMmNlOTIwNTNkMzY0NTY0NjFmOTZjODkwZmVjOA', 1459490382, NULL),
(235, 1, 24, 'ZWRjYjc0NTYxMmQ0ODMyY2RiMTE5NTc2MTRhODg0YzllNzBlM2YzYWIwNjkyYmYwYTkxOGU4NGI4MjllMjBmNA', 1459490423, NULL),
(236, 1, NULL, 'NDY2ODc5OGE4YjE5MGU3MWE0MDFjMzA2NWM5N2Q3ZWI1NDI5N2Q4OWM5YjhmYTcyMzc4MTcyNmM2MjgyN2U3OA', 1459493851, NULL),
(237, 1, NULL, 'YTgxNTQ5M2YzMjNmYWE5MzkxZmZhZGNiMDg3YTkxZTY1MWNmM2VmMmY0NzJjNWI0NDhkMmY3NDJlMWVkYjAxNg', 1459493908, NULL),
(238, 1, NULL, 'YjMyNGEyOWFiZDg1YjI2ZDM4ZDYwNDlhYjAzOGFhNTQ1MGJlZmEwYTcwNjBjNjFmNzUyMDgzMjVhNDQzZDQ0Yw', 1459493913, NULL),
(239, 1, NULL, 'MDYxMzhiYWZmZmQyNGZmNGJmNzEzZDNjODhlOTI5YTI4YjhhMTg2NzBkODRlMTI5MTM4MWUyYmYzNjBmMDZhZA', 1459494077, NULL),
(240, 1, NULL, 'ODUyZmRmZmU3MjZhYjBiOTc3ZTRiYmZhMjliOWQ1NjQ3YzEwNzY1NTk2M2Q3N2MwZTVlMzc0MjhiMTdmM2EyNA', 1459494102, NULL),
(241, 1, NULL, 'YWEwMTUxMzVlODdjMmViMzQwM2Q4YjYxNjgzOWQ1YjZiMzAzM2U3MzdlZmIzODc3ZmQzMzY2MjcxN2E0M2I4Nw', 1459494146, NULL),
(242, 1, NULL, 'M2E5MmU2ZDUxMjhjZmExYmJkMTEzMzljZTE3NWE3OGNkNTgzNzliNjdjMzM5ZDE0NWMzMTNhN2NhMzA1N2M4Mg', 1459494154, NULL),
(243, 1, NULL, 'NjZhY2M0YjlhMzFkYjNiMDVlN2JiY2JiMzg2MDQ4OTk3YWE0ZTNmYTlmY2Y0OGNlYWNjNDNiMDkzYjAwMmJiMg', 1459494174, NULL),
(244, 1, NULL, 'YjNjMzY4YmY3YmRjOGJmODYyMjdlMzhkNTllNzZjZjRlNzEwYzdlNzAxMTBhMWI4MDRmMDZlN2U0ZDFlMmE5Ng', 1459494467, NULL),
(245, 1, NULL, 'YjUwOGQxYjA3NDE1OWZkNTZkYjcwYmViMzhhZDM3ZjIyYzcyMjQ0OTZjMTY4NGJjYmQ0YWRjYmI2YTZkY2U5Yw', 1459501470, NULL),
(246, 1, 42, 'MGJiZjI3MGRiMjExOTA4Mzk4OTU3NjFkNzYyMjVhZWNiMzYwZGJkY2Q2ZmNjZDE4YzA2NGRiYmM2MzFlOTY1ZA', 1459508628, NULL),
(247, 1, 24, 'YWQzYzYzZDkyNjM1YzBjYjAxZTM3YzYwMGJjN2ViZGQwMzU3MTY1N2Q1ZGYxYTgxOTZiOGMzZWYxZTI1NzBjZg', 1459516948, NULL),
(249, 1, NULL, 'NDRmN2Y3OTA4ZmQ0OGQ3YTY3NTdjYjcwZDY4YjYwMzY1YzQ2OTc4MzdmZmU2Y2JhOGYxNTEwZGIwMzVmNzNkMg', 1459756937, NULL),
(251, 1, 24, 'M2YwNjQxZDA5ZTNmNmM2ZTBmZWU2NzRhZDdhZDMxNTA3M2YyOTZkN2FlMWQ0N2E1YjZjMTQxZWFhZGFkOGRmMg', 1459774861, NULL),
(252, 1, 24, 'ZmRjOWI3Y2ZjMzk2NWY3NzhkMTk3ODMyNTQ3NzE0YTYyNmNkYTY2ZWRiMTY4NGQxNTMwOTBiMTMyMzEwY2JkNQ', 1459779508, NULL),
(253, 1, NULL, 'NGIyNmRhMzI1MDRhODlmODkzZDFkMjE3ZTFjOTUxOGZmY2I1NmI3YjMxODBiZDhjOTY3ODRlNWUzMWRhOGJkYw', 1459831838, NULL),
(254, 1, NULL, 'ZDU0YmNjMDNmNWRiZTRhNDA4ZGYwY2YzMWE3ZDJjYWRhNTExNDRkOWMxY2JlZDI0OTBiZTRlMDBiYWVlNTk3NA', 1459832211, NULL),
(255, 1, NULL, 'ZmY3MjIzYTdiZjVmOWFjNThlYjIzNjBiZTMwY2RmNzQ5Y2MwYmNkYWI5YWE2MWMzMzI4ZWUyMTUwZTg2OTRlMg', 1459832505, NULL),
(256, 1, NULL, 'YzFlMGVjYjdjMjM0N2QyZjFiOTNjZmQ1YjQ3NTkyYzBiNzg1Yzg3NzQ0MjliZWE0MTU3OGU3NWI4NzRmYjVlOA', 1459832528, NULL),
(257, 1, NULL, 'M2FkZjE0ZmRlYWRkNzA5Y2QxZmM0M2IxYzk4NWUzNDE5NmIxNzAyMzgyNDY5MWI5OTE1YmE2ZjczODkwNGQ2OA', 1459832532, NULL),
(258, 1, NULL, 'Y2U3OGM4NDVkM2E0YmExMjA0NjAxZDRkODY4Zjk5M2ZhM2VmODRkNDc1ZWQ3ZjQxOGMzZTRhM2QyMjI4ZGM2MA', 1459832692, NULL),
(259, 1, NULL, 'MDk2ZmYzOTIyMTE2YWJiNTI5ODFhMmY2MGFhNzA0NjZkNTIwZDIwYzNlMjBlZTk1ZDZlYzRkMWQ2ZjE4NmNkMQ', 1459832769, NULL),
(260, 1, NULL, 'ZjFlNjM4YjNlZTBlNjVlNDNkNmU2ZWIzZjNlMTdiZThjNTU4ZGJmYzQzM2I4MTAwMTJkMmJlNzkyMDY5YjMyNQ', 1459832917, NULL),
(261, 1, NULL, 'ZjU3YzM2NzhmZDI2OTY3YmY1OTEyY2M5ZDE2NWYzMGI0YmQ4ZjBmYjE4ZGIwYjUyZTgxMWQwZDI3NDY0MmY5MQ', 1459832980, NULL),
(262, 1, NULL, 'NzEyZmEzNzE1ZWIwMjJmMzFmZGU2ZWI1MThhOGM4MTRhNzM2MjExZDQyYTcwOGYwOWViNjgyZWU5NDMxZDM2MQ', 1459833159, NULL),
(263, 1, NULL, 'MDNhNDc3MmNiNzM4MzgwMjk5NjRjYmY5OTg0Y2VhNWY1NDc5MGIxNTVjZTg3MGZlMmZkZDFkYmQwODk4MzE5MA', 1459833184, NULL),
(264, 1, NULL, 'YTI0OGVkODkwODZlZmUxMWQwNGZiOTNjYzUyMmZkY2IwMzg1ODczNzkzYjJjMjNiMmNiNzgyZjA5NjZhOGQ1Yg', 1459833390, NULL),
(265, 1, NULL, 'ZjMzMTg0OWIyMjU1Njg2YjMxMGVlYjYwZmM1MmYxZjkyMmIxY2FiNzc0YTliMmI0NGVhYTY5ZjA0M2NiMjgwNw', 1459833431, NULL),
(266, 1, NULL, 'ZDhjNmM1NmNhOWE5MmY2NmRhZGZiYWFlNmIwMDdmZDYxNjEyZTcwYzcwYjg3ZTlkOWY3ZjI5MmVkYzZkMDNkZg', 1459833439, NULL),
(267, 1, NULL, 'NjgwMDU5YTU4YWJkMDVmYTcxYzIwMzUwZTBkYTRjMjRjZjQzOWQ4MzJmYWJjNWEzMTVjYTFlZjViOWQxNTA2Zg', 1459833482, NULL),
(268, 1, NULL, 'NmZhN2JhNzUwOWVjOGZiZDgyYmZjYmRiMWU4MDdlY2U5Nzc4YjYwNjczZjMxNjM2YzRlYzNkZTU0NWFjZTU2NQ', 1459835813, NULL),
(269, 1, NULL, 'OWNjYjAzMTYyZTU0OTM3MjM2NjUxODAyNjI3MGFiZDQ1ZWNjMmYyOGY5ZWRiZGFkMGZmNmU5YzAxMjY4YjBmYQ', 1459835844, NULL),
(270, 1, NULL, 'ZjljMjVmNDQ1NzBhZmJmZDIwZWIxOTVmZTI1NmNiYmE5OGI5MGE2MWRmZWQ3MjYxMjBmODhhZjM4ZmVkODg3OA', 1459836048, NULL),
(271, 1, NULL, 'ODgzNGYwOGUxZmRlMzUyMDdkYWFhZWE4OWE4NjA3YjRhOWI1MGMzMjdmYzczNTljMzkwODI1MzU1Y2IyYTI3NA', 1459836064, NULL),
(272, 1, NULL, 'ODRkYzI5NmYwMjgzMWQ0OGJmMDVhZmMxZGQyOTk1ZGZiZTk2MzFmZGFkZTA1NWEyODMxMjBjNTQ4YjA2ZDJiMQ', 1459836121, NULL),
(273, 1, NULL, 'ZWYxNDk2ZGRkMDI0N2MyZDM4ODAzOTg1MTFlZGZlODlhNzRjZDc0ZDE4Mzg5NjIzNDk5NjM1NWU4Y2Y0OTEzYQ', 1459836185, NULL),
(274, 1, NULL, 'Mjk2Y2IxNTM1Y2Y4NTYzOGVlMmZjYzVjOWYzZTQyOTVhZDNhN2YxM2FiNjEyODAxNjkzZjI3ZWUxNmY2OGRjYQ', 1459836238, NULL),
(275, 1, NULL, 'Yzk3Mjg1OTY1NDFkMjlmZDc0OTMwMjRiZDZlZjQwZDUzMzcxYjVmODJhZjExYzA5Y2ViYjJjMTk2ODAyOGQ1OA', 1459836246, NULL),
(276, 1, NULL, 'ZDI4OTMzMGUxZjlkOTkzYzhhNzE2YTZlMmZjOGVlNDFhOTRmZmFlZjA2OGEyNWQxNDY2ZTFlNzhjNzRjNzdjOA', 1459836313, NULL),
(277, 1, NULL, 'ZmJiNzRmYTRjNmVjOTUxODYwYTczZjJjNTEyNGI0YjEzNmQ1ZWM3ZGRjMjcxMzBhNGZkNWZjZDY3YTIyNzYwZQ', 1459836381, NULL),
(278, 1, NULL, 'ZmVjODkzZGFkODU0ZmVkNDMzMjY4MTk2NzJhYThlNTJhYzA1MmM4NThmOThmZGUwZGM1NGU2Mzg5NDZmZjhlYg', 1459836456, NULL),
(279, 1, NULL, 'ZDIwN2NkYzI0YzU1MTdhODU1MDNmNjhmYmRiZDg1ZWZmYzkxODJiOGQyZDUxYjg1NWRhNDYwN2Y2ODFjMzlmZQ', 1459836491, NULL),
(280, 1, NULL, 'MjFmMTY0Njg3OWIxYTM0ZDIyMWIyOGFjNzliMTM0Yjc0ZTNhMjgxMjQxMjVlYThiZWRjYmNhOGMwZTdkOTM2Yg', 1459836516, NULL),
(281, 1, NULL, 'MjZiMzViNzBmMmFhNTVlNGE5ODY5NGQxYzk0ZjA1NmUzZjc0MjZmOWUxYmJmNjRlYjdmZWY1YmY1YjQ2NGNhNQ', 1459836538, NULL),
(282, 1, NULL, 'NmJjMWQ0MDAxNWUzMmM4OTk2ZDk0ZDA0ZjAxNmIwYjQwZjQyYzc4YjYzMzkxYWE2NTA3MjUzM2I4ZGM0NTBlMw', 1459836578, NULL),
(283, 1, NULL, 'OWM4ODk3YWM5MzM2ZTIyMDA3M2FkMzZhZmQ4MTA5YjBjYmRiYTliMTcxOTUxNjEyMjY2ZWE0MTUzM2JlMjU3OA', 1459836707, NULL),
(284, 1, NULL, 'ZjcwN2E5ZmJkNDQ2NWUyNjljNGYwYWM4OWIwZGMzYWNjMGNkYTIzYjgyNjljOWExMzE3MWY2ZDVlZjYwZWVjYg', 1459836886, NULL),
(285, 1, NULL, 'OWU1MmNhZTFiZmViZDI2M2M0OGY4YzI0M2I1ODhmNzViNzJmNWJlYzI2YTZlN2U5OWM4YTc2ZjU0MmZjMTNiNg', 1459836918, NULL),
(286, 1, NULL, 'OWQ3ZWQ5Mjg3NGNkMjdjMDAwNmIwNDgyNWEwMTIxMmE0YjZkYzkwZTdiNzI3ZGM2YTAyZmE1YjQ3ODFkZDYyMw', 1459836942, NULL),
(287, 1, NULL, 'MGE1ZmVmMjg5ZWFiNjJiM2QyMDdjMzk4OTVlYzFlY2E1ZjIyNjkyMTNhNWY1YzIzYzAwOTAyNGEzMzk1ODBiZQ', 1459837004, NULL),
(288, 1, NULL, 'OTA3NmZjNWQyNzVhNGQzYzlmYTBjMGFiYTI3YzVjNDBkZDg0ZGNiOGQ2MTBiODhjNzdiMWJmZjA3OWYzMmQ3Ng', 1459837046, NULL),
(289, 1, NULL, 'ODM1MjNkMTI1ZDhjZGRiNWRkYTEwZTNmMjU3YzA5Yjk2ZWZhZjk3MDkxZjJkN2I3MGFlMzc5MTNmZmU4MjY2Mg', 1459837081, NULL),
(290, 1, NULL, 'NDU2NmRiMjM5NWE3YTc2MDVhZTkwMmM2MGJiNTc3OGRmZDJjNjg0ODkzMTA4ZThhYjA1NjI3Zjc0ODIzMDNjZA', 1459837202, NULL),
(291, 1, NULL, 'NTVkZGM0OWExMjE5YjNkNjIzZDliZTQ2NTY5Zjk0NDQ5ZGJkMjNmZWM4ZmMzN2Y4NjAzNTYwYzZkMzdlYmYxZA', 1459837365, NULL),
(292, 1, NULL, 'MGQ3MWZmNjFlMjFiNmU2YWI5YjY1ZWJjMjQwMTYxM2MwZmU4NzdhMTgzZjkyMjJkYzNmNTdkOTBkZTc1ZTk0Mw', 1459837368, NULL),
(293, 1, 24, 'MjRkYjFlMzVlNWEzNzliNTQyNzY5MGI4MWJkYTE5YTQ4ZGEyY2VjNjIzM2JiYTIxMTM1MTRlOTI1NWM2ZWI0OQ', 1459837419, NULL),
(294, 1, NULL, 'MTc3NjY1ZTgyYjFjMzk4Mjg0ZTBjZjI3MmFmNTdiM2FmZmM0YWU2ZDVkMmU0ZGZlNjk4NzI0ZWI3ZDZmZDZlNA', 1459837836, NULL),
(295, 1, NULL, 'ZjNhMjM1OTQyYTNkZTA1NzlkYjIxOTRmMzQyZDU5NWZkNWEzMDQwYTA4NDZmZWJhNmVlZGQ5MTEwMjQ3YmNjMA', 1459837839, NULL),
(296, 1, NULL, 'ZmY2ODA5ZmFkNTRkMDFlNGFmOGY2NGIzN2VlNWRkMWQ3NTcyNzIwZjhiMWFhMDdhZDBkNWEzYzlmMWZhMjY4OA', 1459837851, NULL),
(297, 1, NULL, 'N2VhZGY4YTJjZDQ0MDZiNTc3MmY1NTEzN2RjZTk1ZDg3OGExZmU2MTAzOTkwYmYxNDI3ODFlZGRlMGZmMmNkYw', 1459837854, NULL),
(298, 1, NULL, 'MjEwY2MxM2Q3NTc2NjA1MDk1YjU3ZmU2MTBiYTBlNmQ2ZDJjY2YxNTRmZTE3YjAwMzJhZWJiZDFhODRkYjMxNA', 1459837869, NULL),
(299, 1, NULL, 'ZGNmOGQxMDIyMWJlOGRjNWIzMDlhN2NkM2FiMWZjZGRjYmQxOTg4ZjE5OTg0MTY4OWZkZGVkNmYxZjM1ODczNQ', 1459837913, NULL),
(300, 1, NULL, 'N2ZmMGExMTVmNDRkMDk4ZDhjOGQxNDU0ZjJiYzFiNWY4NGYzNTA0MzcxZTU2YjY4NDc0MGZiMzY5NzVlOTlmMQ', 1459837936, NULL),
(301, 1, NULL, 'NDQ4MGQ1MzYzZDQ5OTkwNzM5YzMzZmUzMGQ1ZGRkNGZmNTdlMjRkNzc0YmYzYmI3MjQzODE1ZTVhYWNiODQzNQ', 1459837985, NULL),
(302, 1, NULL, 'NWZiMDFmYmEzNzlmZTMzODA3NDk0NzdkYjEzNTdmMWFhNWU1ZWM2NmI0ZjQ0Y2U2OGI3Y2I0NDRkNGVkN2M0Yw', 1459838066, NULL),
(303, 1, NULL, 'YmQ2YmRhN2QwMmEyNjcxOTYwOWU2MTU4MTgwMDk4NGJkM2Q4OTM4OTljYjNkMzliODZmZDU4MWI1NzVhZmUyYQ', 1459838109, NULL),
(304, 1, NULL, 'ODg4ZTVjMDljMzE3ZDg1ZGZiNDc2NTQxNDgyZWI4NTVlMzJiYTY3NjAwODVhMDZiN2RiNWY4ZTU1ZGFjNWFhMg', 1459838126, NULL),
(305, 1, NULL, 'OWI5NTE3ZTYzNDZjZTMzY2Y1MmZiM2NhNWQ5OGQyYTE5NDZiNWJmYWQ2M2U5YzE5M2RmNWRhNzcxOWUxNWVkMQ', 1459838155, NULL),
(306, 1, NULL, 'YjQ2YjhmMTlhYzE0ODE0M2ExYjczNjIxMjM0ODM1ZmU1OGEwNTUzYmNiODE0NjBmMmY5ZDZhYzY5OGEwMTk1Zg', 1459838166, NULL),
(307, 1, NULL, 'MjQxNDUxZWM5MjQ4ZGEyODJiYmQyNDA1OWU5ZTg0YjgyNGZkNmY2MWIzYzg1YzVlZTQxZGVkOWQ2NTQ0ZGU4Mg', 1459838297, NULL),
(308, 1, NULL, 'NTEwYjYyOGE5ZjE1YzcyMmY1M2UxYTQ3YzQ4ZTZkODQ3MTA0ZDgxNGU3N2VhNGE3NmVlMWU2NTdlNDZlZWFiOA', 1459838345, NULL),
(309, 1, NULL, 'ZTk4OWFkNzA1Y2I0MjIxY2FkNDY2NGFlZjRhZThmOTE0MTVkZmIxNmQ3NjhjYTFiZjQxYWExOGQzOTUxNzk2YQ', 1459838393, NULL),
(310, 1, NULL, 'ZGM0MTc4MjZhYTk3YjkwZjdjMDJlYjdjNjliZGExNDMyNWRmNTQ1MmM0MWY4YmExMmI3Nzg5MmIwZDI1ZGNhMA', 1459838491, NULL),
(311, 1, NULL, 'NWVjMjM1MjYxM2E0NWJhN2Y2ZTgwOTRjOWQ4MzdkOTMyNDQ1ZDI2ODY4ODM3NjRlMzkyNTg2MTJlOWJiNmZjZg', 1459838513, NULL),
(312, 1, NULL, 'NjljN2NlYzhkOGQ1MWQ5NTU5OTBkZTFjOTMxYWFlMzBlNDE0MWNlMWZiNjUwYzlhZDJmMWNhYThiOTE1ZGI3Zg', 1459838529, NULL),
(313, 1, NULL, 'ODExOGQzODEwMzFlM2Q2Nzk0NDk0NzFiMjc5ZjQ1ZTg0NTc0NjkyYjdhNGRiYTk3NTRhN2I4YWJkMTE3MDkzZg', 1459838785, NULL),
(314, 1, NULL, 'ODI3NWRlMDIwYzY1YTZhYzg1OTUwZTRmNDNkODkyZmIwMTE4NDRmMTNhODI0M2FjNWViMDdmMDMyYjA1YTQzMQ', 1459838808, NULL),
(315, 1, NULL, 'MzNlZTAzMmY2MmViZjBiNDU5NzE0YzE3OWU5ZDQ5OTExOWQ4OWQ1NDkxNTYyYWU0NGY1MGRmOWRjOTY3YTlhZQ', 1459839188, NULL),
(316, 1, NULL, 'YTFlNWVjNzE3Y2Y1NjY1MGZiN2YzMDQ1OTY1NTY5OTliNDhlYTNkYmJmNGI3NDBkMTUxYmVjYmIxZGM4ZmNiMA', 1459839233, NULL),
(317, 1, NULL, 'OGZlNWI4NjQ4YWEwYTIyM2RkODFlY2FlZDMzMmVlODQyOGZjNjVhMTQyZjVjNDI4MTZlNDE1YzkwOGRiNjBiNg', 1459839261, NULL),
(318, 1, NULL, 'MGY5YTEyNjlkM2JlZGE4ZTEyMGJlYWQyY2U3ZWFlM2Q4NTY2MWJiZGJhM2VhMjY0MzRiY2U3ZDMxYmE3NDk3Ng', 1459839296, NULL),
(319, 1, NULL, 'NjA4NWU1NWU3NzdmOTM4ZDRlNGNjYmM0ZWE2ZDdkZGQ0Y2ViZDBiNjc0MDNmYjIyYjkyZTg0Nzg4ZTJiNjYwNA', 1459839356, NULL),
(320, 1, NULL, 'Y2NkMjQwNmY1MDIyMTIxNjg2NDQ4Y2Y0OWZmYTE1MWZjMzY3OWQ0NzVjMWE2YjdjYmRlNDQ1MDRkNWIzNzkxYw', 1459839476, NULL),
(321, 1, NULL, 'YWM0ZWRlNmQxMDJhNTFmNTc4OGYzOTRlM2U4ZjEzZTNkOGJjNTU5NDBmNTkwMjQzMmFhMzIwNjJlZjVkNWYzYQ', 1459839488, NULL),
(322, 1, NULL, 'NjE5N2FlNzhlOWZlYmQ5OTgwNjVjMzJiZjY5YjBkZWVhNGNhOGJlYmFmNzRiOWIyNzFkMmI5MTAwNjlkMTZjNQ', 1459839519, NULL),
(323, 1, NULL, 'YTc4OTFiYTJmYTNlMTUzYzE4MGVmNzI0NTc3MDYzODgxODI4ZDc0NzRhM2VhYmRhOTIwNWM0MzI3ZThjYjZiMg', 1459839528, NULL),
(324, 1, NULL, 'ZjlmYjZkYWMzOTFhY2JmZTVlOTM1MTk0OWY0ODQ1YjAwOThhMDAwZDFjNDQxODk3OTg4MGVlZjFkNzRlNmQ4ZA', 1459839553, NULL),
(325, 1, NULL, 'MjA1ODczZDdkZTRiMTA4ZjEzODVjYjk5YjUzNTRlYzdlYmRhN2M0YzQzNDhkYTNjNDhmYzQ5Y2Y0ZGE2MjExNw', 1459839589, NULL),
(326, 1, NULL, 'ODk0YmZiNmRjZDUwMDgzNDYxMzk0N2U2NDg5YTJlN2Q4ZGIyOGQ2NDAyMDgwOThhM2UzZWU4YWEyMzVkMDBlOA', 1459839614, NULL),
(327, 1, NULL, 'ZWI1ZTZkOTVlNjg1ZDA0NTUzMzg1NGYyYTAzMTAwMWMwNzQ5NDdjYWFmNmEyYTUzODgzMGE2ZWFiZGM5YWI1Mg', 1459839763, NULL),
(328, 1, NULL, 'OGY2YmExMmE4MWQyZjMwZGI4YmYyYmMzNTNiMzVmYmVlZmE2ZDk3ZjcxNzk1NGNkYTM2ZjA2NzNjODliYjBmMA', 1459840191, NULL),
(329, 1, NULL, 'Mjg0YzZiZjUwNmEzZTQ1OGE3NmEzODRhZDRmNWIwMTQ1NzlmZDBlMGNiMDYyZWY2ZjIyNjQ5MWNkM2NkMWNhNw', 1459840498, NULL),
(330, 1, NULL, 'YzBiOWRjNGIwMTA2YzNhMzBmYTI4ODdjYWQwNmNkM2FkMTYyMGMzZmNmMjE1MzcwNWE0NDkyYThlNjlkZjIyNg', 1459840782, NULL),
(331, 1, NULL, 'MDU3Y2ZmNDRmZDQ3ZDVmODgzZmQ3MzhjZGRiNTIyYzBiNGUwN2E1ODYzN2M2MTVjZTQzMmIxMmZjNmFlNjQyMw', 1459840832, NULL),
(332, 1, NULL, 'ZmQyYmI5ODVjYmNiYmE0MzdhYWE3NDFhNTQ2ODQ3Njc3ZjgwYzZmOGMxOWMwMmFlOGU1ZDBiNTQ5ZGE5MTViMQ', 1459840839, NULL),
(333, 1, NULL, 'NzU0YTk0YmM2OThhMDczMTQ4YWUzNDYwNzQ5MzgyYzNlNzM4NTQ2NWY0MjNiODZiODI0YzI2OTYzZGY3M2ZjZg', 1459840932, NULL),
(334, 1, NULL, 'MjRlMjNkNGQyMWNjM2Q0MzhkYmJlYzU4YmIzYzNiYzkyMzg0MzlhOTIxYTkyNTJjMjM4YjMzZjM3YWRhZTdjYg', 1459840957, NULL),
(335, 1, NULL, 'NzY1OWZkOTEyYTg4ZTk3ODliYTVhMThiMzQ3OGVjOGJlOWY4MDQ5NzZhYzZlNWU3OTY1NjExNzM1MTk0OTFkZg', 1459841088, NULL),
(336, 1, NULL, 'ZjgxODA5NGQyMTM5ZDU4ZDI3NWZhODg1OGJjZWViMzNkZDg0NmE0ZmRkMTRkOTAwODMyOGYwMTViOTA1MGY5Yg', 1459841131, NULL),
(337, 1, NULL, 'YmU3MTk2NzU5YWIzN2ZmYjVhZGJkYzZiZGZhYjMwMTYwNWIzOTBlNjlkMjYyMDYxM2E5N2JhMWQyYmVlZDRhZQ', 1459841251, NULL),
(338, 1, NULL, 'NTg2MWVhZGU5ZDBmNzA0YjAyNWQ2ZWY2MGU1OGQxNjI3NmZhYWMxYTFmYWU3ODBjMmZiMmZjMGY3NzQ3ZWM4OA', 1459841549, NULL),
(339, 1, NULL, 'OTcyNzZkMWQ2MGNkMmJjOGRmZDA4YzkzOWEwNmIzMDc0OGQwZDdlYjc1YzVjMjNiMWU1OTlmYWY2ZWE0YzNjOA', 1459841634, NULL),
(340, 1, NULL, 'N2M2ZjJiMTY3ZGU2NmMzODZmYWNhNWZkOTZhYmZiODg3NzZjNGU2NDYzYTZlNWQzYzQxMzlmM2RmYTEyMDhlZQ', 1459841647, NULL),
(341, 1, NULL, 'YTFjODg0ZjZlYTNhYzA3YjgyNGZmNDUxMThiNjFkZTZjNzU2YWRmNWQ2YWU0ZTM4ODFlNWIzZmUyZTdlODdhNA', 1459841698, NULL),
(342, 1, NULL, 'YTYxZWUwYjdlMWY2Zjg4YTM5ZWE3NWRjM2M4NmM0NjY1OTQ0Y2UzN2EzOTc3ZTUxNjBiNzI2YjZiMWIxNDI1OQ', 1459841743, NULL),
(343, 1, NULL, 'NDEyNzEzYjljOTc4ZDIxMjNiMzM2ZWQ1NGViNzZmYjZjNGFhM2Y1Y2M3NmVmYTI3MmRiNzJiNzI0ZDZmMjRhYQ', 1459841778, NULL),
(344, 1, NULL, 'NWM0MDYyZmY0OWRkMmRlNTM3MmY0ZjAyMDBlNTBhOTZkNGM5NjA2OTY1NWM2YjM1YjVmNTFiZGY0NWY4M2E1ZQ', 1459841891, NULL),
(345, 1, NULL, 'ZjE1MmZmZDQyZjg5ZmRmNWZiNGNlYjBjNzI4MWI5MjUwYjIxOTFjZWMzZDdiNmQ1ZGQwZDZjYThlMDU1YzVkMw', 1459841930, NULL),
(346, 1, NULL, 'NTc3MjFhYzBiYzhiZTk2MWU4NzdkZTA3Mjc5ODliOGIyYzM2ZTVlZGViYjk3ZjZhOWE5YmI0ZmJjMTg0Y2Q1Ng', 1459841963, NULL),
(347, 1, NULL, 'OTE3ZTRhYTUwYWZjYzJmMmRmYjQ2NzMxNDE2OTIxYzk1MzY4NDNmOTY5MmQ5MGQyNjMxYzk0NjU0YWNlM2QzMQ', 1459842096, NULL),
(348, 1, NULL, 'NWViZDNmN2FlOTRkM2I0M2JhYjVlMDU3NjI3MmQwNjI3NjJiODQyYTM5ZDU2ZWQ2NDIzOTUwYTc1YjU4MGQzMg', 1459842205, NULL),
(349, 1, NULL, 'NGZlYThlOWQwZmYzNTMzNjM0Yzk5MWI5ODdiYzNmMTcyMmQyYTMwYWU4YTI5ZDhlMTJhNjI3NDhlYjlkYjljZg', 1459842287, NULL),
(350, 1, NULL, 'YmQ5YzFhYTJhZDE0MmFjYjc0N2QzYjgyYjRmOTg5N2RiMmU0Mzk4MWZmMjQ4NjIxMmI2YmYxNzYwYjY5OGZlMg', 1459842324, NULL),
(351, 1, NULL, 'MzAzOGNlMDBlODA0MzdmYjZlNTY3NjEwZDc1NGEwZWM3Y2IwMjAxZmQxYTQ3YzU0NTYyNWU0YTAzYjkyY2VjZA', 1459842382, NULL),
(352, 1, NULL, 'ODgxYTFmMWExYTdmMDNjOTE0NzZmYWUxNTZkNThkNzRiYzljZDgwNjUyOWUwNmJkYzM2Y2UzYjdiYTIzYmQ2NQ', 1459842417, NULL),
(353, 1, NULL, 'MmE3MzUyNGRlMWVlZjg0ZDMxZWY1NmM3ZTNiNDBlMDkxM2RhYWU0ZTIyOTBkMjIyMDE1YmM1OTliM2Y0YzhhZA', 1459842488, NULL),
(354, 1, NULL, 'MmJhZjY0MjZjOTk3MWJmMzE4ZTQ1MzliYzZiNWZlNGExMTU5NGFhMjgxZWY3MTVkZmVkMDJlNWEzNjI3NTRhMA', 1459842548, NULL),
(355, 1, NULL, 'ZWM5ZDhkYzM4ZjQ1NDE4ZWJlMDI5NmUwMTMzYmIxZDZkZmE3MjQzMmRmYzNjZmZlZjU5OThkZDg3YmRmZDhjYg', 1459842584, NULL),
(356, 1, NULL, 'NGY4YmU5NDMzNjRkOTEwM2ExNTQ1ZjhhMTY0ZTFlODMyYmRjZjE0YjE5YWZiMDUxNzc0ZmE0YTk2ZTYzYWZjMw', 1459842937, NULL),
(357, 1, NULL, 'NTYyMTg1ZmQyMjhmMDUxOTIxYWY5ZjE3MjI2YWNjZDBjM2EyZWQ1NjFhZWZlYTAwYmY3MDdkMGQxNmU4NDQzMw', 1459842973, NULL),
(358, 1, NULL, 'OTVhYzMzNDRhODQ2ODZlMTNkM2UyOGI1MTE3YTRjODBmZDEzOTY2NjcwNmUzMGRhMWIyYzY1ZDVkYTk2MDFhYg', 1459843060, NULL),
(359, 1, NULL, 'ZTU5MGQ4NmU0MzgzNjk3MDcwY2MwYWM2NGM5MjYwOGFjZmM2Zjk1NzQ0NjgxMDRhZTYxOWU3YjE1MjMzNmNjNg', 1459843139, NULL),
(360, 1, NULL, 'MzI1YzgwZmU0NWU4MTIwYzRjZDE1Y2ZlY2M3ZWY2OGIzMTE2NzUyMTg1N2QwNDIwYzcxZjVkYmNlZTZiMDc3ZQ', 1459843210, NULL),
(361, 1, NULL, 'N2VmYTBmZjg3YWM2N2ViNWRlNmIyOGUyNjY2M2JmOGNlM2U3NWY4MGViMzc0OGE3ZDk4MGNiM2EzZmI2MGNkMw', 1459843238, NULL),
(362, 1, NULL, 'NzhiZmEwMjg4ZmRjYTg1MTQ4ZmQ5YmU2YzRjZTExYTYyN2U0ZjY5NTMwZmY1Y2UzNjlkOWM3OGZiY2JhZjhkZg', 1459843393, NULL),
(363, 1, NULL, 'NTc4Y2FjY2YyMTQ4MTI2YTlhMjI3NTUzNmQzMTQ3M2E1NDhhYWMwNDYyN2ZkNjk0ZjQ4ZjEzYzkwNGU4YmM0ZA', 1459843404, NULL),
(364, 1, NULL, 'ZGZiODE3YTFiYTVkOWYxMGVmOTNkYjFkYTFhM2NhOTVjYjJlYWU5OWNiOGViMzY1ZTk4ZGY1ZmNhN2E5ZDhlYw', 1459843449, NULL),
(365, 1, NULL, 'MGRjZmJjNWZlNGY1ZDI2NzE5YTNlMGU3ZWI0OGE0ZWUwMWI4Mjk2N2UwZTUzMTlkYmJkNDIwMWI4Y2MyMTUxMA', 1459843467, NULL),
(366, 1, NULL, 'ZDI1N2IyNTlkNWYyOTRmMTViNGM1YmMwZDhkNTE4NmZlNmVmNjcyOTBhZGU3YjU3MDQwMTBkMTIzMjhhYzk0MA', 1459843524, NULL),
(367, 1, NULL, 'MDg5YWNiZDlkNmE4YmNmNDAzZDQ2NzE3MjNjZDA0MGQwODc1ZTNiMzQ2OWNhZmY5ZjQ0MjMwODkwZjJlNTg1Yg', 1459843855, NULL),
(368, 1, NULL, 'ZmZlNTA4ZDU3ODQ4Mjc0ZDY0MzM4NGU2ZjQzNmIxYTkxNDcyNTljOGNjMWFlNzc0NDRhZDI3Mzg0YTgxNzQzMw', 1459843991, NULL),
(369, 1, NULL, 'NWE3OTg2ODQ5MGMwOTdjNWMwOTI4NjNlYWRhYTgwZGQ2YzA5MzdiM2ZjYjUxNjRlNzhiZGVlMTQ2NTA4NzgwNQ', 1459844023, NULL),
(370, 1, NULL, 'ZTIwZWIwMmJmNzZkMDc5NTE2NjYxN2MyYzhhYzdhYTg3MGQ4NTk0ZTQyNjIxYWI4YzU4MTlmM2Y0NTdiZjcxNw', 1459844102, NULL),
(371, 1, NULL, 'NDIzMjZjYjJlMzUyNzk0NjZlZDYzMDQ1YWQwN2U1ZTJiODEyNDkzZWY3ZjBlMDYyNDM0NWRiZDUzMjM0MzA5YQ', 1459846572, NULL),
(372, 1, NULL, 'MDdiYTZjM2YwNmQxZTBjNzE0NTFjZTFiMTRhZWU5ZmI5NmI0OWU4YmI2M2M2ZTFiYjZkYjAwZmYxMDFmZTc1ZQ', 1459847178, NULL),
(373, 1, NULL, 'MDlmNzk3MWVhM2VlOWI1NjNkMDNhZDcxZGMxYWI5MjI4MTYzMzBhMmQ0MDM4NmUyZjY2OGE2OTBjZDgxMDExNw', 1459847248, NULL),
(374, 1, NULL, 'N2NiNjEzMjBhZGI3MjNhOWZhYTFiNjAxYWVhNDY4OTRhM2VlNzBkODlkOGZiNTJiM2NjYjczYTFmNTFmYzJmYQ', 1459847345, NULL),
(375, 1, NULL, 'ZTQ4MGMxMTg0NGM2MGIwMzQzMjY1Zjc5MWJiMjdjOGViNDczYzZjYmI3OTY2ZDJiNzM5ZGZlYzJiMzVjYzNlNg', 1459847411, NULL),
(376, 1, NULL, 'YmJiOTRhNDJlMWJhMTMyOGQwNzZkZjFmNjk4MDk4NWE1NjAwYzI2ZWExNTZjYjFmMWEzOGI0MTQ4ZGRiZDg3OQ', 1459847571, NULL),
(377, 1, NULL, 'NzM4NDQ3ZmU2YWY1ZGY2YjEwYWMxYThmM2I3YWM3YTFkYmIyYTU4OWM5M2VjNmU2ZTMyNzE5NTdmMDY3NGI0ZQ', 1459847791, NULL),
(378, 1, NULL, 'MDBmMGY5MDEyZDZlMDIxZjMzMmFlOGZiMjIwMDZkMjhjYzRjYzc0ODQzY2JiN2M5NTMyZjZlMDMxNmE2Njc1ZA', 1459847827, NULL),
(379, 1, NULL, 'ODc1NTRkYWMyYWQ0MDUxZTQzODM0N2MwYzk2NzhjMjBmN2I5NzQwNWEyYWI4NzdlZDkzZGVhMzJjN2QxMTVhZQ', 1459847877, NULL),
(380, 1, NULL, 'ODdiNjZjYTM0MmE4MWFlNWY0MTQzNDA4ZTI4NGVlZTczOTBjYzFmMDU3YWQ4NTk4NzY3NzdjMTI4YTk4OGY4Nw', 1459847894, NULL),
(381, 1, NULL, 'NzNiYmYzNDQ2YWZmZjViNjI1ZWRkNWZkODY1MThjMzI5Zjg0MDdiMzg3Y2Q2MjYxZWQ3MDcwZWUwNDM2NzI0OA', 1459847922, NULL),
(382, 1, NULL, 'N2QzYTkwMDBiMTZlMTU1ODYyNjEyMWRlNzRiZGNlZmE5ZmVmYWU0YmIxNzgxYWJmMmVkNTkzODExODhiNjFjYg', 1459847939, NULL),
(383, 1, NULL, 'NGZmMTIwZjI5M2NlNzkyMzEyOGRjNzRkOWE0MDRmY2U1MGI4ODBiMWI1Nzg2N2JhM2U5NzNiNDVlMzczZGQ3Zg', 1459847975, NULL),
(384, 1, NULL, 'OGY5NGIyZWMxYTIwM2QyZjg2YTY4YzU1YTQ3NTIzMDJmMmNhZDM2ZmU5ZjY4MjcwZTRjYmFiMmVjODEyNWZkOQ', 1459848070, NULL),
(385, 1, NULL, 'YTNjNDA0YWVmNGQ4N2E5NDVlMTI0YTE2MjEzNTIyMmE4OTEzNDA0NjJhM2RkZWJhNjQ4ZTNhNzUwNzQwZGFkMA', 1459848104, NULL),
(386, 1, NULL, 'N2UzYzgwOWQ2NTI4NGRiMGMwNDE3NjNmYjQ4ZTY3MzAwNzY5YWE1MzFmZGU2YmEzNDczN2M4N2QwYmNjODcyNw', 1459848193, NULL),
(387, 1, NULL, 'OGQ4NzhlY2FkN2VmNmM2YTI4OGM0NTY3NmI3ZTBjM2VhMjA3MGE0ZjkxNmRhMzNlZTViZjc1ZTQzYmVjM2VkZQ', 1459848333, NULL),
(388, 1, NULL, 'ZWU0ZGYzZjYwNGZmMDczZjI0YjI2YTk1MjFjZTcyNjRlZWY4ODVlZTE4NTgwNzA0YWY0ZTAyYzc0YmRiOTkwYw', 1459848363, NULL),
(389, 1, NULL, 'NTEyZjQwZDdlOWRkYWRlMjgxNWYxYjRkZjRmODc1ZTY3ZDE2YjJjMmVkYmU4M2M5ODE2YzkxZTU1Mzc3NWQ0OQ', 1459848463, NULL),
(390, 1, NULL, 'OWE4MWZmNzlhOTNjNjIxZWNjZWJiY2RmNTY0OTAxNDI3ZTU3ZTExZWMyNGE1MWIwZWMyZTEyZTdiODcyYzQ5Mg', 1459848489, NULL),
(391, 1, NULL, 'ZTY5OWI0OTczZDczNzZmODlkOThjYmM5NTNkNDcwMTIwZjdkZTVlMjZiNTJkMjRiNWYzN2IwNmZlM2JjOTJiNQ', 1459848506, NULL),
(392, 1, NULL, 'OTFlZjJkZWMzMjgzMzFhYWE5NzIxMzIxZjRkNGZmNGMxOGU5YzdlOTE3YmExNWQ2YWQ4Y2IyMjE3YmU3MDc1NQ', 1459848557, NULL),
(393, 1, NULL, 'YmJhNGJhYjllZTBiN2M2ZmE1ZGY1MmM3NTBkNDNhMzNiZTYzYTQzZjZkNDFmODAxMWM2Yjk5ODUzNmNiODY4OQ', 1459848576, NULL),
(394, 1, NULL, 'YzZmOWNkZWQ2MWQ1NjkzNDhlNWQ0MzIxOTcxZjFhMWI0MzM2ZWM5NjNlNDA1ODcwY2Q4NWMzY2Q4MTQ5Yjg2Zg', 1459849153, NULL),
(395, 1, NULL, 'ZWRhNzNiODU5ZWY4MzQyZTdlYzU0ODRlOTdhMTdjZDc2YTMyOTFmZGVkOTI5MTQ3YjgxZTQ4MzZmY2RjNjZjMg', 1459849659, NULL),
(396, 1, NULL, 'NmQwNzkxZjljNmVmNDZlMWZjNTQ3MjRiMjg4NzUxM2UxYzhlMTYzMDA2Yzc0NGQ4MjI5MmUxMjVmNTFiODNiZQ', 1459849687, NULL),
(397, 1, NULL, 'NmEzZTRlNGZlNjdlMGRkMWM0MTY0ZDRhNjVlZmJhYTI3ZmIyYmM1YTc0M2Q4ZDExZjhkOGVkNzU4ZDlmNjUzMg', 1459849956, NULL),
(398, 1, NULL, 'ZjEwMmE4NGEyMzRmNzFkNDhlNDFkNmU3YzU1NDI3ZWI3Yzc0ZDE3YzMxM2VkYjVmYzgxYzZhZjRiNDM1MDI1OA', 1459849976, NULL),
(399, 1, NULL, 'MzJjZmQyYTk0ZjBhOGNlYmI3YTE0OGNhZmU0ZWU5NGVmY2Y4YzRjNTkzZWUzMDg1ZDMwNTYxMjFkZDc5MGUwZg', 1459850005, NULL),
(400, 1, NULL, 'ODkxZDlmNjhhOWJiNjZjZTNjMjAyOWFiMzBiM2QzMjIzZTQyYWU5YjgyMmYwNjM4Zjk4NzBmNGQ3MmRjODRhYg', 1459850035, NULL),
(401, 1, NULL, 'ZjU0M2JlZjEzOGE5NjNlMzQzOTRjYzdmNTkzODM4YzEyZmYyZjFiZDViNjZlMjQwMmY5NWI5M2IzYzNlNjg3MA', 1459850059, NULL),
(402, 1, NULL, 'NDkzMWVhYzE0NDM4YzdmNzIwY2M5OTk3M2RlNDQyMTE3Y2I1ZTg5NTczYzRhMmMwOTBkZjYzNWM4MjRjMmMyMA', 1459850141, NULL),
(403, 1, NULL, 'ODE1ZjkyYzBhMWM3NmFjZTc3MWE5YmZiZWYxMDQ5OGNkYTIxMTI4MGYzNWZiNjFjYTkyNDNlMmVlNGYyMDM5Mw', 1459850200, NULL),
(404, 1, NULL, 'Y2Q4ODQ4MDFmMWY5OGIzMDM1YzUxZGIxNjBmOWFmZjVjZmFjY2E5NDFjMDE5MDJlNjVmZTNiY2E5ZmVhYjMxYQ', 1459850231, NULL),
(405, 1, NULL, 'ZDJjYzBkODYxYjE0MjJiMmY5ODYzMTgyZmVjMDk0MjcxZDA1ZDg2ZGRhMWZiNDczMGEzZTkzOTZjZGQ1ZTQ1Yw', 1459850293, NULL),
(406, 1, NULL, 'YTFlMmFmOGEyODM3MDYyZDE1MDgwMWU2MWVkNGU4YmJmMzhiNjcwYmYyODQ0NWIxMWQxN2I4ZWM4YmIwMTdmYQ', 1459850365, NULL),
(407, 1, NULL, 'ZWM2M2I1NmRmNjFlOWNmN2UzODM3MjllMDFhNmUwOGFmZWRjNTdiMzBiN2Q3MDRmMjhkODNhNDQ1MTU1MDQyYg', 1459850526, NULL),
(408, 1, NULL, 'OTQ0YTI4NTk2OGNkMDlhODNlODJiNTg1MWM4MWY5YjdlNTZjNDE2MjVkN2I0MTk5YWQ5N2U3NWIyNmEzYmY0ZA', 1459850562, NULL),
(409, 1, NULL, 'MDJiYTRjM2Y5MTExYTZlOGI1OTBjMjZhZTU4ZWJkNmIwN2MzNGE0NmVjZTZhNTdlZjNiMWMwYmQzYTMzMzAwNw', 1459851387, NULL),
(410, 1, NULL, 'MjQwZWQzNzNjZjA0OTQwN2RlNDAxODA2NDVmNWZjZjdjMjk0OWQxYmJkN2IzYzc0ZGYyZTViOWRiNjE5MGUzZg', 1459851612, NULL),
(411, 1, NULL, 'MmRlNjRlOTAwNDAzNzE0M2VmODRkNDBiNTBiNGE4NjA3OTRiMDI1YjVkODE5OTg4NDg0ZDE3NTk2MTU3MTA1MA', 1459851651, NULL),
(412, 1, NULL, 'YTFmNmU3ZWM5OTgxM2RmN2VlNDg0NTY2NjU2Y2RhMWEyNzgwZjJhN2I3YTM4YWFjZDM4MDhlMmJlYWUyZjVkZQ', 1459851790, NULL),
(413, 1, NULL, 'Y2NiY2ZjYjcyYzU1ZTI3NjI0MzI3OGMyYjQ5OTE3MTgzZDcyYjc2ZTNhNTVmNDg5OThmYzkyMTY2ODI1Yzg4NA', 1459851982, NULL),
(414, 1, NULL, 'ZmIzYWRmMWYwNDdkNDg2ZDUyYzU3MmQ1MWUwOWY1OWM2MjRmZDM0Yzc4NGFkNDA5ZDc1M2JhN2M0NzY0ZTE0Ng', 1459851995, NULL);
INSERT INTO `access_token` (`id`, `client_id`, `user_id`, `token`, `expires_at`, `scope`) VALUES
(415, 1, NULL, 'NmY4NTZkNzJlMzI4NWNkZWYzZDhkYzEyZDA0ODM3MzkwNWUwMDE5NjEzNDRjMTEwNDJkNzMxZTM0YzEzNWMzMA', 1459852035, NULL),
(416, 1, NULL, 'NjY1YTE5YzBiNGI2M2ZjNjMwNjA0YWIwMjE0YWE1Njg0OTE0MWYyOWU1OTQ5NDY1ZjFjYmRhNTg5YWVmNGNmZA', 1459852103, NULL),
(417, 1, NULL, 'MGE4NWU0ZTE1OTI5ZmJiZTdkOWJmMTAyNDcxMjkyMzcxYmNjZWRhMmUwOTQ5M2RlNGJiNWYzZTRmNjFiY2FiMg', 1459852204, NULL),
(418, 1, NULL, 'ZmZiMDZmYTNkNmVlZDY3NmZmMGYyZDUzZjUyMTJjMzU2NWNiYjgyNjhmOGE0MjEwYzY3ZDJmZTI4YWJiNDUxZQ', 1459852463, NULL),
(419, 1, NULL, 'N2M2OTNjZjVjMmJiZDUwMTJhODQxY2U0YzYzZjgxY2I4OWRlYmU5YmExZjgxM2IzYjMyODg4MzIzYjEwN2EyNQ', 1459852466, NULL),
(420, 1, NULL, 'MDc4ZWQ1NGQ1NWNjYzRmYzZmMDc1MWIxZDA3MWJhNzNhODk3M2RhMzAyYjI0OGFhNTJlMDc4MzE1MDMwYWFkNQ', 1459852504, NULL),
(421, 1, NULL, 'NTIxNzFjZjY4NjlmOWE2YWRlYTQ2ZGU5ODhmZGJiN2FmYmNmOWQwYWQ1N2IzOTlkNzZlMTAzZDFlYmVmMDU5OA', 1459852551, NULL),
(422, 1, NULL, 'N2Y2MDlhZmZlNDlhYjk0ZThkY2Q1YTlmYzczNzVjYTdkMWQ2MGU5MTE5N2E3ZDM0ZDk3NzdiYmU3MWM3MzAwZA', 1459852569, NULL),
(423, 1, NULL, 'MTdkYTc1YWUyYTY4NDUxZDJiM2VmYjRhZGM0YWQxZGQ5ODg5MDViOTY3MGI5NjNlOTdhMGY1MzY5YTcyMmVhNA', 1459852634, NULL),
(424, 1, NULL, 'MDIwMGMwMjhiNDlkOTNiOWE4MTk5MTMyY2E2ZDZlYTk1YTAyOWQ1ZTVmNmJiZjJkYzliZjRiYTgzMmQ4ZGFlMw', 1459852743, NULL),
(425, 1, NULL, 'MDlkMjNkYTRlYzNjYzZiMjU2NjFhMzBlYjhlMDc1ODdjYWIwZWQzY2NmZTYzYzNkNWViYzhkMzM4M2ViZTdjMw', 1459852802, NULL),
(426, 1, NULL, 'ZTQ3ZTJlZWJlNGZkYmUxNDQ1MDk1YTViNmE5NWM1NjU5Yjc2M2U2YmE3MjAyNjRlZTE3YzZhNWRkZDZlZTI4Yg', 1459852851, NULL),
(427, 1, NULL, 'YWZkMTQwNzU0ZGI5YTM4ZTdlN2UxYThjYzE4MDkzNTdkNGFiYmQ1ODc0NDZmZWE0MGYyNmYyOGFkMWJjMTY5Yg', 1459852929, NULL),
(428, 1, NULL, 'M2FhYTU4N2ZlMjM4MDVkNzQ3NGQzYTQ5YTI4Yjg0MGM4MzlkNGIwOWY5NDU1ZjJiMzZiNzI5MTM0OGQ4ZTc3ZQ', 1459852947, NULL),
(429, 1, NULL, 'NTk2OGE1YzVkNWQ1YjhjNzgyNDc2YjQ2OTczMGIzYmJmNzY2MTI2NzY4NzEyZmZkMmY3MjNhNTk4ODQwMWU1Zg', 1459852982, NULL),
(430, 1, NULL, 'YTBhNTc5NWFhYmFkM2Y3NjcxZGI0NzkyNjdmMTdkNGQ1NWE0YjljNzRhMmUwMWJlNGUxZWZmOGUwNzI3Mjc4Yw', 1459853035, NULL),
(431, 1, NULL, 'ZGYyODBiOGZmOWIxOTljZTVjMTU2YTRmYjI3NDlhMzkzNTNiNmM4NGEyNDVhYTU4YTEzNWQxNmU0ODYzMjMwNg', 1459853126, NULL),
(432, 1, NULL, 'ZjkzYTU4MjY5MWNmMDU1ZjhjMmE3OTVmMDE3NWY0OTg1YjVkZTM5Nzg4ZWI5NzRlOGM5ZmU5Njk3NTFmYTgwNQ', 1459853141, NULL),
(433, 1, NULL, 'ZmE4YjRlZmUxMTM0OTYwNGY0ZmEzZjhhMDYxOTNmMDBlNjc1MmI0Y2Q5NGI2ZTM1MDMyMzk2NTRjOGQzMDI4NQ', 1459853204, NULL),
(434, 1, 24, 'ZjM5OWIyMzIwMDg3ODk1MDkyOGI3NzljZjMwZDIyNDkyNWJmNjZkYzUxYzhkMTg4NjM4ODczNTk0OWNjYjc0YQ', 1460957204, NULL),
(435, 1, 24, 'YTQ5ZGM5MDQ0NjRjM2ZmZDFiYTk1N2Y2MTM5MzMzN2I4YzQ5ZTdlYmQ0MGY2OTU4MWY0ZjgxMTEzYzc3YjM1Yg', 1460958849, NULL),
(436, 1, 24, 'ZTNhZDI5MGRkYWRlZTYzMDNjODVmN2U4YTdmMThmZGQyYmQyZDY3ZDdmZWE5NDAzZjVmZTUyY2MzMzY4NjFiYw', 1460961330, NULL),
(437, 1, 24, 'MjYxMWYyMmIwMjQ5ZjgxYWQ2NzBjODI5NmY4MDVmZDg1N2UxMjliNGE3YjFmYzdlYzBiNjU2ZTczYmYzZmZmMQ', 1460965165, NULL),
(438, 1, 24, 'MjllMDRmMGRlNGNlMzc5YmQxNmM2NDJkYTE1ZDE1OGRmNWUwY2QyYmJiM2RjYmI1MTE5MGY5NGMyYTU2MzhkNA', 1461048733, NULL),
(439, 1, 24, 'MGUwN2M3OGU0NDcyNjM5MDk4Y2ZhYzgyZWQ2OTgwZTc1MDEwYTU1ZGE1N2E5NGE1YTViZWNmZjRmN2VmYzk1NQ', 1461052378, NULL),
(440, 1, 24, 'YThkYTI3ZWVkZWM3YjNjNzE3MDNiM2I1MjU4NDRkMDcxZTU0NmI0MGQxMTY2MGMxNWVlNTg2ZTgyODgwNTY0ZQ', 1461056819, NULL),
(441, 1, 24, 'N2Y5OTk3N2M4YmI1NWM5ZDI2ZjUzYTg5ZjIyMmFlYjk4NDdmMjA1MjllMWNjZWZjNTBmMjEyNDNlZWEzYWI0Mw', 1461062047, NULL),
(442, 1, 24, 'NDIyYWQ3YTNlMWRjYjQ4NjFkOGExMWQ5MjliOTdhNTMyYTkzZWZmOTAyM2E0NmUxM2NkNjM0N2ZjZWZmNmY5YQ', 1461065225, NULL),
(443, 1, 24, 'OWY3NzI2ZjFiMThlNjBhYWQ4ZjdkYzIyMThjZGJiOGYxYmFkNWJlZWJmYmEzNTIzNDVjZDMxYjI1Njc3NmI4OA', 1461070214, NULL),
(444, 1, 24, 'Yzk0MDYwMWUzZjMyNzA5YTkzNDc0MDA2OGY3NzEzMzFhMTIyNDA4NDU3Nzc2M2MzYjJkYmI3MzZhZGIxYTAwZA', 1461129532, NULL),
(445, 1, 24, 'MjYxYTc0ZmVhMjc4OTIyY2VkOTExNjQ3Y2JmN2FlNWZmYzc4ZWZhZTg5MTk3NTI1Zjc4MThlOWRjMjc0MTU2Mw', 1461138817, NULL),
(446, 1, 24, 'NzU5NmExN2I0YjUzNTJhN2MzNzFkY2EzOWVkN2FlYjUyMjk4ZWRkNTkwZGIxYjM2NTE0NjU3MTUyN2E0ZmQyMQ', 1461142983, NULL),
(447, 1, 24, 'MjMwOGFiYTQ2Zjc4ZTFiMGZmZTMyODljYTAwYTRjMzZmOWQ0MDZlZTdkMmJlOGNiOTlkMmRkMGM2ZDY3YWQ5Mg', 1461222222, NULL),
(448, 1, 24, 'YWFjYmM5OTM0MDljMGY3ZTY2NWQ2Yzk4NzQyZWY2ZTRhZTUxYjk1Y2E1NDgxMjA0MWVkN2Y5ZmE1YThmMjJjNA', 1461227763, NULL),
(449, 1, 24, 'ZjRlMjRmYWRjYzQzZTgzMzE2OThlOTRiNzBkNmYzYjFiYjgzNDBhNjU1M2QwNTEwNzM1YWEwOGZlNzVjYTVkMQ', 1461234097, NULL),
(450, 1, 24, 'NjVmMDJlN2MxOGUxNmI5NzliYmRjYTRkODViNzM4YzY1MzcxNDUwZjUzMGZlNzY3NGE0Yjk5ZmY5YTkwMDU3Zg', 1461235218, NULL),
(451, 1, 24, 'NWZiY2ZlYmJmZWU0MGE3NGNhNmU3ZDM3MmQ1ZDdmMWJjMzc2MjAxYWEwMWE5YmYzZTRhOTM0YWMxYmY4ZjVlOQ', 1461238976, NULL),
(452, 1, 24, 'MzkyNDk2NmI2ZDM1YjM3Nzk4Y2ZlNzk0ZDA2YTQ2ZjE0ZDZlNWMxNjMxOGYwMTA1NDM3OTY5NzExNjIwYTkyMg', 1461239664, NULL),
(453, 1, 24, 'ZjI3YjMyZjJkMTJhMTU1OTdjYTA2OWEwODZhNDY1YTYxNjI0ZDJlZDJhNTk3ZjdiZWQ4OGQxNGExYTc5M2UyNg', 1461240333, NULL),
(454, 1, 24, 'Mzk1Yjk2ZjIzMjg4MWM0YjhmMTMyZWViYWFjYTNkZjdlNDk2ZjZiN2UyNWY5YjQyYjQyYmUyMmU1NzU4ZjMxYw', 1461244583, NULL),
(455, 1, 24, 'NzJlMTUxMWVlOTEwOTZjZmQwZTQ0Yzg5Mjg1Nzc5YWQxOGY5OGI1MzUwNDAyZjg5YTU3NTJiNDY0N2Y0NmNlOQ', 1461303534, NULL),
(456, 1, 24, 'MjIyNjA0ZDBhNTc1ZjRkY2I3M2FlNGE5NDhmZjM3NzJlMGE5YmMyYmZiYjY3ODU5ODEyNGYzMzRkODBjYWViMA', 1461309121, NULL),
(457, 1, 24, 'MzI5YTc2MGRjNzdmNDg5NTcyNTRmNjlkN2EwOWFhZmJjMjNlZjc1Yzg3ZGEzOWIxNGRkMGQzMDc1MzRiNDQ0Mw', 1461311088, NULL),
(458, 1, 24, 'ZmFmMjk4ZDI3MTRkZDYwNTZjYTgxZDFhZTcwOGRhNWNhMDM2YzQxYzc3YzY1YjVmMDc3Mjc2ODZhZGQ2ZjFkNw', 1461317295, NULL),
(459, 1, 24, 'Y2QyOGM0MDVjM2M4MjhiMGQ2NDQ2ZjE2MWFlMWVlNmFjNGRmYTZjNDRhYmY1ZDAzMjdiNWJmOTY4M2JjNzgyYQ', 1461320447, NULL),
(460, 1, 24, 'MDUzMTZlN2EzZDlhZWJkNTQ0MzM5ZjFjNzM2MGUzMjU0ODg4YzFlODdmMGFjZGJiNDE0NzgxMWY4ZmRlOWI1Ng', 1461555731, NULL),
(461, 1, 24, 'YjIxYjY1NWViNTE0YjgyYjBhOGEyZTgwOTk1YjdjODg0ZDI5YjZjNGVhOWM2ZTkyZDk1MmQ3YTY4NmM5NDM5NA', 1461562779, NULL),
(462, 1, 24, 'MTQ0MGUwNTYzZGYxMTA5MjVmMTg3MDFkYzFjNGE5ZjFlYjAyMTMxMDY5M2ZmMjI5MDJlM2MyYWNhMDg5ZTRhNQ', 1461565859, NULL),
(463, 1, 24, 'YTA3YmI0NTFkZTBkYjE1ODAwODFjOTMyM2ZjNTZhN2RkNGU5YWI2MTY3OTZiNWJjODg0OWE0OTQ1NjU2OWFmMw', 1461569520, NULL),
(464, 1, 24, 'OTI3YjQ2MzlkNzk0OWNjZDg1N2UzYTM2YzU3Yjg4YTU1NzU1NmM3YzhlM2M2ZWFlZDRiZjZhNjlhYTBhMDE4Mw', 1461569568, NULL),
(465, 1, 24, 'YmY1ZTQxMDA4YTc5MzM1ZjQ4MzhiNWUxN2VhZmI3ZTY4MjJhY2U4ODU1MTRlODZlMjAyMWY4MTQ1NmMyYzY5Yg', 1461578839, NULL),
(466, 1, 24, 'NDgzOWU0Y2I5MWE4NzI0Nzg2NmI1ZTgxNGZiYjA0N2JkYjM5ZDY3YjFiZmNiNWVmZDQyZDliNmE3ODk2YjYyYQ', 1461582573, NULL),
(467, 1, 24, 'NjY5NzIzNDc2YjQ4ZDZhZjk0ZGNjYmZlMTZlYzYwNmJjOWJiZWFiMWY4YWE0ZDRjODRmMTJlNjBhOWIwMTMzMQ', 1461643444, NULL),
(468, 1, 24, 'MDc3MmRhMDY3NGFhZWU4NWFjMzg4NzQwNjEyNGI0ZDQyNTU0ODg5MGUxYjgxMTMzZWI5YTVjYTM2NzUxN2MyNA', 1461646893, NULL),
(469, 1, 24, 'YTQwYjMyMjAyNjJlM2ZjYzlmYjA5YjkxMzNkMTkwNDAxN2NkNjk2NmExMTY1YzMyZmE1YWM2YmIyM2E2NzhjMQ', 1461650501, NULL),
(470, 1, 24, 'MDUzNjkyYzUzNDZmYTgwNDE2ODYzMGMxOTU1ODgxM2Q1MGI1YTM2OGVjZmZiNmNkZjVlNDgyZWEyOWMwNWI4Ng', 1461655068, NULL),
(471, 1, 24, 'MGRmMDgwNTk5YmZiOWYwZTQxYWZhZjViM2ZhMjQwNTg4MmViYjQxMTJiYjk5ZWI5NzkwM2M4MDNjMzQ2YTU1MQ', 1461658683, NULL),
(472, 1, 24, 'MmMwMTE5NzA4NjlkZmI2YTY1NTVlMjNkNTliODJkY2IxMWFiYzJjZjEzYmQ3ZWIwMDJhZTMxZWM5YTNhYjg2NA', 1461662725, NULL),
(473, 1, 24, 'MThkMTIwOWI0ZGE4NDI1MTFmNzhmNWU2ZDZhZjdhNWNkYjBiNTAyNmJjM2Q0YjJhMGNkNmU1ZmRhMjIwNDAzOA', 1461666328, NULL),
(474, 1, 24, 'ODYyZmM2YTJlOWEwMmExMTFiMWQzMzBhMjhmMzcyZGE3M2JmY2IxNDFhNWQ4NjgxODcyNWExZDA3MTRmMWI1YQ', 1461736691, NULL),
(475, 1, 24, 'NWQ4MTc2MzUxMzk5MDEzODFjODNkYTE4MTY3YWJlOTQ3ODhjMDNmNDZlYTZkODk1NjNhODdkNDExNWEyZmRiNA', 1461739290, NULL),
(476, 1, 24, 'N2M3YTgzZWExOWJhY2ExYmJkOWQzYjI5MWU1MGFlYWY2OTI4MDVhMWRlNmVmZmFlMzE0OTNiYmJmYTQzMTVmZg', 1461743023, NULL),
(477, 1, 24, 'OTQ0NWVhYTFmYTYyYjdlNTk4Y2ZhNWEzNmU0ZjdmOTY1M2Y1YWYxMzg3Y2Y5MzEwNmRhN2RjYmFkZWY4ZjQ0OA', 1461746647, NULL),
(478, 1, 24, 'YWNhM2U2ZjM0Y2E1NWQxYWY1YzYxYWYyYjllZmQ4ZWQzMzA4MjAwNTJhYzEzNmRkZWQyZjBlNjMzMjVkNzgyZQ', 1461750906, NULL),
(479, 1, 24, 'ZjgxMDY5OTI3ZDQ0Y2RmYzRmYTY0ODQ2MzdkOGYwOTdmMmFhODg4MmJkYjc5YTAxZmRjNTI3YzA3NzU3YTZiZQ', 1461754530, NULL),
(480, 1, 24, 'ZDg3NTM5NzJkZjkzNTc1ZmJjNWVhYTQ4N2RiMzY2ODUzMzRiOTkyMGVjMmI5ZTcwZTAyMTBlMzE1NWZlYjI0Nw', 1461758190, NULL),
(481, 1, 24, 'MGQyMWYyNGY3Y2NkYzlkNWM0MmIzMTgzOWM1NTU0YjIzMmQ3NzE0MmEwOTllOGNhM2VkZWUwMThhMTM2YjEzNw', 1461761893, NULL),
(482, 1, 24, 'OGQ4MGNlNzlhOGY1NzQwZDJlODcxODg0Njk5OTQ3ZTZkNjlmZmMzNmExZDViMWQ0ODRhM2MwZDE3Mjg3N2RlZA', 1461822013, NULL),
(483, 1, 24, 'ZTQyZGVjNTIwZjEwZWQ2NzFkZjQwZGZjMzhjMDAyZDVlN2I5NmNlOWU0ZmYwNGRkOWIwMWI2MjIxMTg1NTJkZQ', 1461826485, NULL),
(484, 1, 24, 'ZDY2Y2I4OWI4NjJiYTAxMmJjZDcxNWQ5MzQ0NTJlOTQ4OTVmNmJhYWZjM2M2Yzc5NTFkODZiODVjYTE4ZmU4Nw', 1461830346, NULL),
(485, 1, 24, 'YWY2OGM5ZDQ0NTMwNjk0Y2IyZDc1ZjA4YzU1NTYxZmQ4NzBmMzNhMGZjYTU0MjdlOGQxMWUyMmI0N2RlMzNlZQ', 1462080241, NULL),
(486, 1, 24, 'YTA5YTdlOWYyMzU4NjY0OWI2NDA3MWUwYmU3NTI0MzNmMmQwOWNlZGU3M2IwNTg1NmMwMWUwMTQ1MTc0YzBkZQ', 1462111436, NULL),
(487, 1, 24, 'YWU0M2M2MmI4MTViZGQ5ZDJmODI1MzU0ZjJiNzg1MGUwZTFiY2Q5ODcyOTA0MGQzNzQ0OGE5MDgzNDI5MzM3NQ', 1462115583, NULL),
(488, 1, 24, 'NTRlZjFjMWY2YzkyMTRiMGE0NzM2YWVlOGZhZDNkZGJjODljMDYzYjc0NmExNDY3NmQyMDM5ZjNjZjQ3Y2YwOA', 1462116172, NULL),
(489, 1, 24, 'MzU5M2QwOGQwYjgwMjI2M2QwZTM3OTEyYzFjZTc3MzU1Y2JkMDBmNTFlYzNhMGYxNDdmZTU1YWIxOWRkMjE5ZQ', 1462116231, NULL),
(490, 1, 24, 'ZDlhM2ViNzI3ZWYzZjZiOWFkMWE4MWY1NDRjNDBlNmUwMjk5OTg0YmRkNjBmYzEyZjgwOTc2MTgyZTM5ZjVhYg', 1462116383, NULL),
(491, 1, 24, 'OGI2ZmY3Y2EzN2U0NTliOGYwYjE2NGIwMjQzMjU3NDYwNTNmM2M0NDU3MzMzYTFjZjkzMjRlOGFmZjA4MDQ3Yw', 1462116430, NULL),
(492, 1, 24, 'ZmQ4NWNhZTM1MjgxZjdiN2VkYzlhZWEyMzVhZDUzZmNkYzgwZDA0MTk0NzU1NDQ0MzU3MmNkMjVmNTA5MzhhZA', 1462162147, NULL),
(493, 1, 24, 'M2UwZWYzMDhkNTliYjU1MTc5MjFkYWExOWY5ODI5MDcyNWFmZTRmNTllYzJiZDZiN2Q1MTI3ZGFjZWY4YmQ5Yw', 1462165920, NULL),
(494, 1, 24, 'NDMwMGY5Y2JiNGRlMWU2NmY5NjgxZDQxODEwZDQxZDU1YWVhYmI1YzZiOGJkMzgwMGE5NDE3YmEzYmJhYTM5Mw', 1462169618, NULL),
(495, 1, 24, 'YTZhMzU2MTBlYjZlNjJlODliZTg5MzdhZjJiNDVmOWM3YmQ0MDJlZGVmMTg4MTAwMDE0OTI4MTc1MGY2MmJmZQ', 1462169886, NULL),
(496, 1, 24, 'Y2M1ZWRiY2JiZTdjYWI4Zjk1MTZmOWRjNmIzMGJiMmMxZWI4M2MwYTg4OGYxMTE4N2RkZmM5NGI3MjdmMzNhMA', 1462171243, NULL),
(497, 1, 24, 'MGE3MDYwMjg4MjIxNWI2OTIwODc2NmY1ZmFjNzcyY2NhM2Y3ZTRlMjZmNGVlOTE0NDc1YTEyYWM1MTVhZGVlYg', 1462174445, NULL),
(498, 1, 24, 'MThiYzQxZmRlMzRiZjRhNGVlZWFjMDE0ODZlNzdlY2VhMjJhMDgyYzYwMjM4ZDI0OTEwMjQ2ZjgzYjgyODkzYw', 1462178640, NULL),
(499, 1, 24, 'MDY5OTY3MTdlZGY0YzMyMGRhZGFlMTJkZTdjMTg0YTE2ODZhOTNhMGI4NjE1MTA0MmVmYzU0MDgzODhmYjljYw', 1462179335, NULL),
(500, 1, 24, 'N2EwN2Q2YmU4YTI5MDQxOWU2NTIxMjkzYWM4MGFlM2I4ZWFlZDg5Nzg4YWM1MzI5MjMwMmU4ZWIzMDEzNmM5ZA', 1462183023, NULL),
(501, 1, 24, 'YTUxYWI5OTg0YWU0OTg1YTg4MmVmMGM5NmZhYmFkY2E3NWIwYWIyNmU3YTc0ZWFiYTJjOWY1OGY4MzZiMWI0MA', 1462188320, NULL),
(502, 1, 24, 'NzE0ODY1OWFkYWQxYTA0MmU4YzhkMDZmNTM3N2QwYzQ3ZmUxNDMzMGI1NDVjNzUyOTk3YjU5ZTM5Mzg5ZmE1Yw', 1462191996, NULL);

-- --------------------------------------------------------

--
-- Table structure for table `auth_code`
--

CREATE TABLE IF NOT EXISTS `auth_code` (
  `id` int(11) NOT NULL AUTO_INCREMENT,
  `client_id` int(11) NOT NULL,
  `user_id` int(11) DEFAULT NULL,
  `token` varchar(255) COLLATE utf8_unicode_ci NOT NULL,
  `redirect_uri` longtext COLLATE utf8_unicode_ci NOT NULL,
  `expires_at` int(11) DEFAULT NULL,
  `scope` varchar(255) COLLATE utf8_unicode_ci DEFAULT NULL,
  PRIMARY KEY (`id`),
  UNIQUE KEY `UNIQ_5933D02C5F37A13B` (`token`),
  KEY `IDX_5933D02C19EB6921` (`client_id`),
  KEY `IDX_5933D02CA76ED395` (`user_id`)
) ENGINE=InnoDB DEFAULT CHARSET=utf8 COLLATE=utf8_unicode_ci AUTO_INCREMENT=1 ;

-- --------------------------------------------------------

--
-- Table structure for table `book_deal_images`
--

CREATE TABLE IF NOT EXISTS `book_deal_images` (
  `id` int(11) NOT NULL AUTO_INCREMENT,
  `book_deal_id` int(11) DEFAULT NULL,
  `image_url` varchar(255) COLLATE utf8_unicode_ci DEFAULT NULL,
  PRIMARY KEY (`id`),
  KEY `IDX_A6AF729A652E0B93` (`book_deal_id`)
) ENGINE=InnoDB  DEFAULT CHARSET=utf8 COLLATE=utf8_unicode_ci AUTO_INCREMENT=23 ;

--
-- Dumping data for table `book_deal_images`
--

INSERT INTO `book_deal_images` (`id`, `book_deal_id`, `image_url`) VALUES
(1, 6, '/../web/bookImages/2016-27-04_10_10_34_22250366.png'),
(2, 7, '/../web/bookImages/2016-27-04_10_13_21_58276367.png'),
(3, 8, '/../web/bookImages/2016-27-04_10_15_02_52297973.png'),
(4, 8, '/../web/bookImages/2016-27-04_10_15_02_24090576.png'),
(5, 9, '/../web/bookImages/2016-27-04_10_17_02_93957519.png'),
(6, 9, '/../web/bookImages/2016-27-04_10_17_02_22793579.png'),
(7, 10, '/../web/bookImages/2016-27-04_10_56_32_8618164.png'),
(12, 17, '/../web/bookImages/2016-27-04_12_39_47_76110839.png'),
(13, 17, '/../web/bookImages/2016-27-04_12_39_47_15005493.png'),
(18, 22, '/../web/bookImages/2016-27-04_12_49_48_30139160.png'),
(19, 23, '/../web/bookImages/2016-27-04_12_49_56_41592407.png'),
(20, 24, '/../web/bookImages/2016-27-04_12_50_52_35696411.png'),
(21, 25, '/../web/bookImages/2016-27-04_12_52_14_88433837.png'),
(22, 17, '/../web/bookImages/2016-01-05_06_31_32_6756591.png');

-- --------------------------------------------------------

--
-- Table structure for table `book_deals`
--

CREATE TABLE IF NOT EXISTS `book_deals` (
  `id` int(11) NOT NULL AUTO_INCREMENT,
  `book_id` int(11) DEFAULT NULL,
  `book_price_sell` decimal(7,2) NOT NULL,
  `book_condition` varchar(20) COLLATE utf8_unicode_ci NOT NULL,
  `book_is_highlighted` varchar(5) COLLATE utf8_unicode_ci NOT NULL,
  `book_has_notes` varchar(5) COLLATE utf8_unicode_ci NOT NULL,
  `book_comment` varchar(255) COLLATE utf8_unicode_ci DEFAULT NULL,
  `book_contact_method` varchar(25) COLLATE utf8_unicode_ci NOT NULL,
  `book_contact_home_number` varchar(20) COLLATE utf8_unicode_ci DEFAULT NULL,
  `book_contact_cell_number` varchar(20) COLLATE utf8_unicode_ci DEFAULT NULL,
  `book_contact_email` varchar(50) COLLATE utf8_unicode_ci DEFAULT NULL,
  `book_is_available_public` varchar(5) COLLATE utf8_unicode_ci NOT NULL,
  `book_payment_method_ca_sh_on_exchange` tinyint(1) DEFAULT NULL,
  `book_payment_method_cheque` tinyint(1) DEFAULT NULL,
  `book_available_date` date NOT NULL,
  `book_selling_status` varchar(20) COLLATE utf8_unicode_ci NOT NULL,
  `book_status` varchar(20) COLLATE utf8_unicode_ci NOT NULL,
  `seller_id` int(11) DEFAULT NULL,
  `buyer_id` int(11) DEFAULT NULL,
  `book_view_count` int(11) DEFAULT NULL,
  PRIMARY KEY (`id`),
  KEY `IDX_E1FB91E216A2B381` (`book_id`),
  KEY `IDX_E1FB91E28DE820D9` (`seller_id`),
  KEY `IDX_E1FB91E26C755722` (`buyer_id`)
) ENGINE=InnoDB  DEFAULT CHARSET=utf8 COLLATE=utf8_unicode_ci AUTO_INCREMENT=26 ;

--
-- Dumping data for table `book_deals`
--

INSERT INTO `book_deals` (`id`, `book_id`, `book_price_sell`, `book_condition`, `book_is_highlighted`, `book_has_notes`, `book_comment`, `book_contact_method`, `book_contact_home_number`, `book_contact_cell_number`, `book_contact_email`, `book_is_available_public`, `book_payment_method_ca_sh_on_exchange`, `book_payment_method_cheque`, `book_available_date`, `book_selling_status`, `book_status`, `seller_id`, `buyer_id`, `book_view_count`) VALUES
(1, 8, '12.00', 'Good', 'Yes', 'Yes', 'No Comment', 'buyerToSeller', '01678710523', 'cell', 'sujit@gmail.com', 'Yes', 1, 1, '2016-04-22', 'Sold', 'Activated', 24, NULL, 0),
(2, 8, '10.00', 'Very Good', 'Yes', 'Yes', 'Cooments', 'sellerToBuyer', '01678710523', 'cell', 'sujit@gmail.com', 'Yes', 1, 1, '2016-04-22', 'Selling', 'Activated', 35, NULL, 32),
(3, 8, '11.30', 'Not Good', 'Yes', 'No', 'No Comment', 'sellerToBuyer', '56545', '6456', 'abc@gmail.com', 'No', 1, 1, '2016-04-22', 'Selling', 'Activated', 27, NULL, 15),
(4, 17, '11.00', 'NOT GOOD', 'Yes', 'Yes', 'Hello Comment', 'sellerToBuyer', '01678710523', 'cell', 'sujit@gmail.com', 'Yes', 1, 1, '2016-04-14', 'Sold', 'Activated', 24, 24, 0),
(5, 20, '15.30', 'Good', 'Yes', 'Ys', 'sdrtg', 'buyerToSeller', '01678710523', 'cell', 'sujit@gmail.com', 'Yes', 1, 1, '2016-04-22', 'Selling', 'Activated', 41, NULL, 0),
(6, NULL, '10.00', 'Barely Used', 'Yes', 'No', 'comm', 'buyerToSeller', NULL, NULL, NULL, 'Yes', 1, 1, '2016-04-29', 'Selling', 'Activated', 24, NULL, 0),
(7, 24, '10.20', 'Barely Used', 'Yes', 'No', 'comm', 'buyerToSeller', NULL, NULL, NULL, 'Yes', 1, 1, '2016-04-29', 'Selling', 'Activated', 24, NULL, 35),
(8, 24, '10.25', 'Barely Used', 'Yes', 'No', 'comm', 'buyerToSeller', NULL, NULL, NULL, 'Yes', 1, 1, '2016-04-29', 'Selling', 'Activated', 24, NULL, 35),
(9, 25, '56.00', 'Barely Used', 'No', 'Yes', 'comment', 'sellerToBuyer', NULL, NULL, NULL, 'No', 1, 1, '2016-04-22', 'Selling', 'Activated', 24, NULL, 0),
(10, 26, '13.19', 'Used', 'Yes', 'No', 'cmnt', 'buyerToSeller', NULL, NULL, 'sujit@brainstation-23.com', 'Yes', 1, 1, '2016-04-14', 'Selling', 'Activated', 24, NULL, 8),
(11, 27, '54.00', 'New', 'No', 'Yes', 'Good Book', 'buyerToSeller', '132456', '132465', 'sujit@gmail.com', 'Yes', 1, 1, '2016-04-22', 'Selling', 'Activated', 24, NULL, 0),
(14, 29, '12.00', 'New', 'No', 'Yes', 'sdf', 'buyerToSeller', 'zsdrf', 'asfrf', 'zaer@sdrg.rtfh', 'Yes', 1, 1, '2016-04-29', 'Selling', 'Activated', 24, NULL, 1),
(17, 37, '354.00', 'New', 'No', 'Yes', 'xcgxdf', 'buyerToSeller', 'xfthx', 'xfthxf', 'thxfth@srdtyhd.dtyj', 'Yes', 1, 1, '2016-04-22', 'Selling', 'Activated', 24, NULL, 37),
(22, 41, '26.00', 'Used', 'Yes', 'Yes', 'cmnt', 'buyerToSeller', '234567', '345678', 'sdrg@drtfh.sdrtg', 'No', 1, 1, '2016-04-09', 'Selling', 'Activated', 24, NULL, 0),
(23, 41, '26.00', 'Used', 'Yes', 'Yes', 'cmnt', 'buyerToSeller', '234567', '345678', 'sdrg@drtfh.sdrtg', 'No', 1, 1, '2016-04-09', 'Selling', 'Activated', 24, NULL, 0),
(24, 37, '123.00', 'Used', 'Yes', 'No', 'sEF', 'buyerToSeller', 'sfZS', 'EfzsEF', 'SEF@drtg.zdrg', 'Yes', 1, 1, '2016-04-08', 'Selling', 'Activated', 24, NULL, 37),
(25, 42, '234.00', 'Barely Used', 'Yes', 'No', 'rtfh', 'buyerToSeller', 'erzs', 'rfzsdrfzs', 'rf@srtg.dt', 'Yes', 1, 1, '2016-04-23', 'Selling', 'Activated', 24, NULL, 0);

-- --------------------------------------------------------

--
-- Table structure for table `books`
--

CREATE TABLE IF NOT EXISTS `books` (
  `id` int(11) NOT NULL AUTO_INCREMENT,
  `book_title` varchar(255) COLLATE utf8_unicode_ci NOT NULL,
  `book_director_author_artist` varchar(255) COLLATE utf8_unicode_ci DEFAULT NULL,
  `book_edition` varchar(100) COLLATE utf8_unicode_ci DEFAULT NULL,
  `book_publisher` varchar(200) COLLATE utf8_unicode_ci DEFAULT NULL,
  `book_publish_date` date DEFAULT NULL,
  `book_binding` varchar(100) COLLATE utf8_unicode_ci DEFAULT NULL,
  `book_page` varchar(10) COLLATE utf8_unicode_ci DEFAULT NULL,
  `book_language` varchar(20) COLLATE utf8_unicode_ci DEFAULT NULL,
  `book_description` longtext COLLATE utf8_unicode_ci,
  `book_isbn10` varchar(30) COLLATE utf8_unicode_ci NOT NULL,
  `book_isbn13` varchar(30) COLLATE utf8_unicode_ci NOT NULL,
  `book_image` varchar(200) COLLATE utf8_unicode_ci DEFAULT NULL,
  PRIMARY KEY (`id`)
) ENGINE=InnoDB  DEFAULT CHARSET=utf8 COLLATE=utf8_unicode_ci AUTO_INCREMENT=47 ;

--
-- Dumping data for table `books`
--

INSERT INTO `books` (`id`, `book_title`, `book_director_author_artist`, `book_edition`, `book_publisher`, `book_publish_date`, `book_binding`, `book_page`, `book_language`, `book_description`, `book_isbn10`, `book_isbn13`, `book_image`) VALUES
(8, 'Financial Statements: A Step-by-Step Guide to Understanding and Creating Financial Reports', 'Thomas R. Ittelson', '	\nRev Exp', '	\nCareer Pr Inc', '2014-01-23', 'Hardcover', '976', 'English', 'Now the best-selling book of its kind has gotten even better. This revised and expanded second edition of Ittelson''s master work will give you that firm grasp of "the numbers" necessary for business s \nccess. With more than 100,000 copies in print, Financial Statements is a perfect introduction to financial accounting for non-financial managers, stock-market investors, undergraduate business and MBA students, lawyers, lenders, entrepreneurs, and more. Most introductory finance and accounting books fail either because they are written "by accountants for accountants" or the authors dumb down the concepts until they are virtually useless. Financial Statements deftly shows that all this accounting and financial-reporting stuff is not rocket science and that you can understand it! Ittelson empowers non-financial managers by clearly and simply demonstrating how the balance sheet, income statement and cash flow statement work together to offer a snapshot of any company''s financial health.', '1601630239', '9781601630230', '/../web/bookImages/2016-01-05_06_29_11_17025756.png'),
(17, 'Warren Buffett Accounting Book: Reading Financial Statements for Value Investing', 'Roger Pressman', '8', 'McGraw-Hill Education', '2014-01-23', 'Hardcover', '976', 'English', 'For almost three decades, Roger Pressman''s <i> Software Engineering: A Practitioner''s Approach</i> has been the world''s leading textbook in software engineering. The new eighth edition represents a major restructuring and update of previous editions, solidifying the book''s position as the most comprehensive guide to this important subject.<p>The eighth edition of <i> Software Engineering: A Practitioner''s Approach</i> has been designed to consolidate and restructure the content introduced over the past two editions of the book. The chapter structure will return to a more linear presentation of software engineering topics with a direct emphasis on the major activities that are part of a generic software process. Content will focus on widely used software engineering methods and will de-emphasize or completely eliminate discussion of secondary methods, tools and techniques. The intent is to provide a more targeted, prescriptive, and focused approach, while attempting to maintain SEPA''s reputation as a comprehensive guide to software engineering. <p>The 39 chapters of the eighth edition are organized into five parts - Process, Modeling, Quality Management, Managing Software Projects, and Advanced Topics. The book has been revised and restructured to improve pedagogical flow and emphasize new and important software engineering processes and practices.', '1939370159', '9781939370150', NULL),
(20, 'Software Engineering: A Practitioner''s Approach', 'Roger Pressman', '3', 'McGraw-Hill Education', '2014-01-23', 'Hardcover', '976', 'English', 'For almost three decades, Roger Pressman''s <i> Software Engineering: A Practitioner''s Approach</i> has been the world''s leading textbook in software engineering. The new eighth edition represents a major restructuring and update of previous editions, solidifying the book''s position as the most comprehensive guide to this important subject.<p>The eighth edition of <i> Software Engineering: A Practitioner''s Approach</i> has been designed to consolidate and restructure the content introduced over the past two editions of the book. The chapter structure will return to a more linear presentation of software engineering topics with a direct emphasis on the major activities that are part of a generic software process. Content will focus on widely used software engineering methods and will de-emphasize or completely eliminate discussion of secondary methods, tools and techniques. The intent is to provide a more targeted, prescriptive, and focused approach, while attempting to maintain SEPA''s reputation as a comprehensive guide to software engineering. <p>The 39 chapters of the eighth edition are organized into five parts - Process, Modeling, Quality Management, Managing Software Projects, and Advanced Topics. The book has been revised and restructured to improve pedagogical flow and emphasize new and important software engineering processes and practices.', '0078022126', '9780078022128', NULL),
(23, 'Growth Hacker Marketing: A Primer on the Future of PR, Marketing, and Advertising', 'Ryan Holiday', 'Reprint', 'Portfolio', '2014-09-30', 'Paperback', '144', NULL, '<b>A Primer on the Future of PR, Marketingand Advertising</b><br><br>A new generation of megabrands like Facebook, Dropbox, Airbnb, and Twitter havent spent a dime on traditional marketing. No press releases, no TV commercials, no billboards. Instead, they rely on a new strategygrowth hackingto reach many more people despite modest marketing budgets. Growth hackers have thrown out the old playbook and replaced it with tools that are testable, trackable, and scalable. They believe that products and businesses should be modified repeatedly until theyre primed to generate explosive reactions.<p><br>Bestselling author Ryan Holiday, the acclaimed marketing guru for American Apparel and many bestselling authors and multiplatinum musicians, explains the new rules and provides valuable examples and case studies for aspiring growth hackers. Whether you work for a tiny start-up or a Fortune 500 giant, if youre responsible for building awareness and buzz for a product or service, this is your road map.</p>', '1591847389', '9781591847380', '/../web/bookImages/2016-27-04_09_19_25_79968261.png'),
(24, 'Do It! Marketing: 77 Instant-Action Ideas to Boost Sales, Maximize Profits, and Crush Your Competition', 'David Newman', '5.6.2013', 'AMACOM', '2013-06-05', 'Hardcover', '288', NULL, '<div><b>As a small-business owner or solopreneur, you wear many hats--perhaps the most important of which is marketer.</b></div><br><div><b>But these days, with so many new ways to reach customers and clients</b>-- and only so much time in the day -- it''s hard to know where to start. Should you be using social media? Email? Blogs? Video? SEO?</div><br><div><b>Small business marketing doesn''t have to be a mystery.</b> It''s just a series of simple decisions (and the action steps to implement those decisions) that will help you regain the clarity, confidence, and control you need to succeed.</div><div></div><br><div><b>Do It! Marketing is a quick read and an encouraging kick in the pants</b> that will reignite your marketing mojo. The underlying premise is that ''only action creates results.'' <br><br><b>Packed with do-this-now ideas to attract, engage, and win more customers and clients</b>, this no-nonsense book reveals how to: <ul><li>Avoid blah, blah, blah marketing </li><li>Use magnetic marketing strategies that pull (not push) qualified prospects into your world </li><li>Get noticed using the power of 3PR</li><li>Position yourself as the go-to expert in your field</li><li>Become the obvious choice by building your Thought Leadership Platform</li><li>Do social media right </li><li>Zero in on your customers'' pain/gain factors </li><li>Learn to speak prospect language about prospect problems </li><li>Generate a steady stream of referrals </li><li>Identify and focus on high-payoff marketing activities </li><li>Gain clarity, confidence and control so you sell more - more easily and more often</li><li>Cultivate and leverage enthusiastic advocates </li><li>And more</li></ul><b> Energetic, inspiring, and filled with concrete strategies, tactics, templates, and tools</b>, Do It! Marketing shows you how to stop ''marketing by accident'' and start outsmarting, out-positioning, and out-executing the competition.</div>', '0814432867', '9780814432860', '/../web/bookImages/2016-27-04_09_20_00_60464477.png'),
(25, 'Go Pro: 7 Steps to Becoming a Network Marketing Professional', 'Eric Worre', 'First Printing!', 'Network Marketing Pro Inc.', '2013-05-01', 'Paperback', '160', NULL, 'Over twenty years ago at a company convention, Eric Worre had an aha moment that changed his life forever. At that event he made the decision to Go Pro and become a Network Marketing expert. Since that time, he has focused on developing the skills to do just that. In doing so, Eric has touched and been touched by hundreds of thousands of people around the world. Now he shares his wisdom in a guide that will ignite your passion for this profession and help you make the decision to Go Pro and create the life of your dreams. <b>In this definitive guidebook, you will learn to:</b> -Find prospects -Invite them to your product or opportunity -Present your product -Follow up with your prospects -Help them become customers or distributors -Help them get started right -Grow your team by promoting events -And much, much more. Eric''s wish is for you to make the decision to become a Network Marketing Professional. For you to truly Go Pro. Because it is a stone-cold fact that Network Marketing is a better way. Now let''s go tell the world.', '0988667908', '9780988667907', '/../web/bookImages/2016-27-04_10_17_02_4171752.png'),
(26, 'The Marketing Blueprint: Lessons to Market & Sell Anything', 'Jules Marcoux', NULL, 'CreateSpace Independent Publishing Platform', '2015-06-25', 'Paperback', '198', NULL, 'Are you an entrepreneur, marketing director or CEO looking to take your brand to the next level, without spending millions of dollars? Are you a marketer, working for yourself, or a brand, and want to improve your skills to get better results? Are you a marketing student that wants a competitive edge over his or her peers? Or, are you someone who simply wants to improve their personal brand, in order to obtain better job opportunities? Forget the old marketing textbooks that spew endless theories at you, without tangible examples to use them in. Whether your goal is to grow one of your side projects into a marketable business, to improve the revenues of your current brand, or to better the brand of the company you work for, The Marketing Blueprint is what you need.<div></div><div>This step-by-step guide compiles all essential marketing strategies, such as:</div><div><br><div></div><div>* How to market, from forming marketing strategies, to business development, to improving your selling skills</div><div>* How to become a more efficient marketer, by understanding and using leverage effectively</div><div>* How to market yourself and your brand''s people, to ensure better business opportunities</div><div>* How to create brands and products that make people talk and stay relevant for years </div><div></div><div></div><div></div><div>To top it all off, this book has more than 30 lessons of practical content that you can use right away in your business. Longer hours and bigger textbooks aren''t the answer to your success. By being the smartest marketer around, you can ensure you will grow your business'' revenues. </div><div></div><div></div><div>That''s exactly what The Marketing Blueprint is all about.            </div></div>', '1514625768', '9781514625767', '/../web/bookImages/2016-27-04_10_56_32_69271850.png'),
(27, 'Everybody Writes: Your Go-To Guide to Creating Ridiculously Good Content', 'Ann Handley', '1', 'Wiley', '2014-09-15', 'Hardcover', '320', NULL, '<b><i>Finally a go-to guide to creating and publishing the kind of content that will make your business thrive.</i></b>  <p><i>Everybody Writes</i> is a go-to guide to attracting and retaining customers through stellar online communication, because in our content-driven world, every one of us is, in fact, a writer.</p> <p>If you have a web site, you are a publisher. If you are on social media, you are in marketing. And that means that we are all relying on our words to carry our marketing messages. We are all writers.</p> <p>Yeah, but who cares about writing anymore? In a time-challenged world dominated by short and snappy, by click-bait headlines and Twitter streams and Instagram feeds and gifs and video and Snapchat and YOLO and LOL and #tbt. . . does the idea of focusing on writing seem pedantic and ordinary?</p> <p>Actually, writing matters more now, not less. Our online words are our currency; they tell our customers who we are.</p> <p>Our writing can make us look smart or it can make us look stupid. It can make us seem fun, or warm, or competent, or trustworthy. But it can also make us seem humdrum or discombobulated or flat-out boring.</p> <p>That means you''ve got to choose words well, and write with economy and the style and honest empathy for your customers. And it means you put a new value on an often-overlooked skill in content marketing: How to write, and how to tell a true story really, really well. That''s true whether you''re writing a listicle or the words on a Slideshare deck or the words you''re reading right here, right now...</p> <p>And so being able to communicate well in writing isn''t just nice; it''s necessity. And it''s also the oft-overlooked cornerstone of nearly all our content marketing.</p> <p>In <i>Everybody Writes</i>, top marketing veteran Ann Handley gives expert guidance and insight into the process and strategy of content creation, production and publishing, with actionable how-to advice designed to get results.</p> <p>These lessons and rules apply across all of your online assets  like web pages, home page, landing pages, blogs, email, marketing offers, and on Facebook, Twitter, LinkedIn, and other social media. Ann deconstructs the strategy and delivers a practical approach to create ridiculously compelling and competent content. It''s designed to be the go-to guide for anyone creating or publishing any kind of online content  whether you''re a big brand or you''re small and solo.</p> <p>Sections include:</p> <ul> <li>How to write better. (Or, for ''adult-onset writers'': How to hate writing less.)</li> <li>Easy grammar and usage rules tailored for business in a fun, memorable way. (Enough to keep you looking sharp, but not too much to overwhelm you.)</li> <li>Giving your audience the gift of your true story, told well. Empathy and humanity and inspiration are key here, so the book covers that, too.</li> <li>Best practices for creating credible, trustworthy content steeped in some time-honored rules of solid journalism. Because publishing content and talking directly to your customers is, at its heart, a privilege.</li> <li>''Things Marketers Write'': The fundamentals of 17 specific kinds of content that marketers are often tasked with crafting.</li> <li>Content Tools: The sharpest tools you need to get the job done.</li> </ul> <p>Traditional marketing techniques are no longer enough. <i>Everybody Writes</i> is a field guide for the smartest businesses who know that great content is the key to thriving in this digital world.</p>', '1118905555', '9781118905555', 'http://ecx.images-amazon.com/images/I/418DnZHrHlL.jpg'),
(29, 'SEO 2016 Learn Search Engine Optimization  With Smart Internet Marketing Strategies: Learn SEO with smart internet marketing strategies', 'Adam Clarke', 'Exp Upd', 'CreateSpace Independent Publishing Platform', '2015-08-03', 'Paperback', '188', NULL, '<h2>Learn SEO strategies to rank at the top of Google with SEO 2016</h2><br> <b>EXPANDED & UPDATED - APRIL, 2016</b><br><br> No matter your background, SEO 2016 will walk you through search engine optimization techniques used to grow countless companies online, exact steps to rank high in Google, and how get a ton of customers with SEO. First, let me tell you a little secret about SEO marketing...<br><br> <h3>Most of the search engine optimization advice on the Internet is wrong!</h3><br> If you''ve sifted through the torrents of search engine optimization advice online, you may have noticed two things:<br> <p>- Most published SEO advice is either outdated or just dead-wrong.<br> - Google''s constant updates have made many popular SEO optimization strategies useless.<br> Why is this so? Google are constantly evolving, making it extremely difficult to know what works. Recent changes:<br></p> <p>1. March, 2016 - Google announce a second mobile update, further decreasing rankings for sites that don''t support mobile devices.<br> 2. February, 2016 - Google announces their support for the new groundbreaking technology HTTP/2 that can almost double the loading speed of your website.<br> 3. October, 2015 - Google announces RankBrain, their innovative machine learning technology that has been secretly influencing the search results.<br><br> SEO 2016 is now updated covering the latest changes to Google''s algorithm, and walks you through all major updates and how to use them to your advantage. This book also reveals industry secrets about staying ahead of Google''s algorithm, and what potential Google changes may be coming up in 2016. With this best-selling SEO book you can learn SEO from a fundamental level, achieve top rankings, and generate a wave of new customers to your site.<br></p> <h3>Discover powerful link building techniques experts use to get top rankings and generate massive traffic</h3><br> Link building is the strongest factor for ranking high in Google. Unfortunately, most widely-used methods suck! This chapter walks you through new and powerful techniques that won''t get you in hot-water with Google. Now expanded and updated with more link building strategies, and extra tips for advanced readers.<br><br> <b>You will also discover:</b> <p>1. Important SEO concepts, from beginner to advanced.<br> 2. Sneaky tricks to get local businesses ranking high with local SEO.<br> 3. How to find ''money'' keywords that will send customers to your site.<br> 4. Six insider sources to get expert SEO or Internet marketing advice worth thousands of dollars, for free.<br></p> <h3>Also discover little-known search engine optimization tools top Internet marketing experts use</h3><br> The SEO tools chapter lists 25+ powerful tools top Internet marketing experts use to automate their search engine optimization, saving weeks of time, and creating bigger results... and most of the tools are free!<br><br> <h3>Sidestep the 2016 Google updates</h3><br> Contrary to Internet marketing gossip, problems caused by Google updates are rarely irrecoverablebut you need the right knowledge. This book reveals:<br> <p>- The inner mechanics of Google''s algorithm, and how to use them to rank your site at the top.<br> - 2015 and 2016 Google updatesHTTPS, RankBrain, HTTP/2, Adpocalypse, Penguin 4.0 and more.<br> - Potential updates coming up in 2016 and 2017.<br> - Steps to recover from a Google penalty.<br></p> <h3>And read the very special bonus chapter on pay-per-click advertising</h3><br> In this special bonus, learn to quickly and effectively setup pay-per-click advertising campaigns with Google AdWords, and send more customers to your website overnight, literally.<br><br> <b>This is one of the most advanced and comprehensive SEO optimization books ever publishednow updated and expandedof all best-selling SEO books, this is the only one with everything you need.</b><br><br><b>Scroll up, click buy, and get started now!</b>', '151534567X', '9781515345671', '/../web/bookImages/2016-27-04_11_30_32_45407104.png'),
(37, 'The Art of Social Media: Power Tips for Power Users', 'Guy Kawasaki', NULL, 'Portfolio', '2014-12-04', 'Hardcover', '208', NULL, 'By now it''s clear that whether you''re promoting a business, a product, or yourself, social media is near the top of what determines your success or failure. And there are countless pundits, authors, and consultants eager to advise you.<p><br>But theres no one quite like Guy Kawasaki, the legendary former chief evangelist for Apple and one of the pioneers of business blogging, tweeting, Facebooking, Tumbling, and much, much more. Now Guy has teamed up with Peg Fitzpatrick, who he says is the best social-media person hes ever met, to offer <i>The Art of Social Media</i>the one essential guide you need to get the most bang for your time, effort, and money.</p><p><br>With over one hundred practical tips, tricks, and insights, Guy and Peg present a bottom-up strategy to produce a focused, thorough, and compelling presence on the most popular social-media platforms. They guide you through steps to build your foundation, amass your digital assets, optimize your profile, attract more followers, andeffectivelyintegrate socialmedia and blogging.</p><p><br>For beginners overwhelmed by too many choices as well as seasoned professionals eager to improve their game, <i>The Art of Social Media</i> is full of tactics that have been proven to work in the real world. Or as Guy puts it, great stuff, no fluff.</p>', '1591848075', '9781591848073', '/../web/bookImages/2016-27-04_12_39_48_2960205.png'),
(41, 'TITITIT', 'sujit', '3', 'sujit', '2016-04-09', 'Hardcover', NULL, NULL, NULL, '15918480752334', '1591848075233411111111', '/../web/bookImages/2016-27-04_12_49_48_30139160.png'),
(42, 'Marketing 2014', 'William M. Pride', '17', 'South-Western College Pub', '2013-01-10', 'Paperback', '832', NULL, 'Perfect for students of all backgrounds and interest levels, Pride and Ferrell''s MARKETING 2014 combines a thorough overview of essential marketing principles with a visually engaging, reader-friendly presentation. This popular, proven text and a full range of supplemental learning resources (including eLectures, videos, and an interactive marketing plan) provide students with the knowledge and decision-making skills they''ll need to succeed in today''s competitive business environment. MARKETING 2014 includes the most current coverage of marketing strategies and concepts with extensive real-world examples including material on social networking and digital marketing. This edition has a new chapter on digital media and social networking that incorporates the latest research and trends in the ever-changing environment of e-marketing. You will find important topics drawn from the rapidly changing world of modern business including social and environmental responsibility, sustainability, globalization, entrepreneurship, and marketing through transitional times.   Available with InfoTrac Student Collections http://gocengage.com/infotrac.', '1133939252', '9781133939252', '/../web/bookImages/2016-27-04_12_52_14_23837280.png'),
(45, 'The New Rules of Marketing and PR: How to Use Social Media, Online Video, Mobile Applications, Blogs, News Releases, and Viral Marketing to Reach Buyers Directly', 'David Meerman Scott', '5', 'Wiley', '2015-10-05', 'Paperback', '480', NULL, 'The most updated edition yet of the benchmark guide to marketing and PR, with the latest social media, marketing, and sales trends, tools, and real-world examples of success This is the fifth edition of the pioneering guide to the future of marketing. The New Rules of Marketing & PR is an international bestseller with more than 350,000 copies sold in over twenty-five languages. It offers a step-by-step action plan for harnessing the power of modern marketing and PR to directly communicate with buyers, raise visibility, and increase sales. This practical guide is written for marketing professionals, PR professionals, and entrepreneurs who want to grow their businesses and create success. Learn how companies, nonprofits, and organizations of all sizes can leverage web-based content to get timely, relevant information to eager, responsive buyers for a fraction of the cost of big-budget campaigns. This fifth editionthe most extensively revised edition yetincludes:  Dozens of compelling case studies with revisions Real-world examples of content marketing and inbound marketing strategies and tactics A fresh introduction A new chapter on sales and service Coverage of the latest social media platforms, including Periscope, Meerkat, and Snapchat  The New Rules of Marketing & PR is an unparalleled resource for entrepreneurs, business owners, nonprofit managers, and all of those working in marketing or publicity departments. This practical guide shows how to devise successful marketing and PR strategies to grow any business.David Meerman Scott is a marketing strategist, bestselling author of ten booksincluding three international bestsellersadvisor to emerging companies such as HubSpot, and a professional speaker on marketing, leadership, and social media. Prior to starting his own business, he was marketing VP for two publicly traded US companies and was Asia marketing director for Knight-Ridder, at the time one of the world''s largest information companies.', '1119070481', '9781119070481', '/../web/bookImages/2016-02-05_08_55_04_58102416.png'),
(46, 'SEO Fitness Workbook, 2016 Edition: The Seven Steps to Search Engine Optimization Success on Google', 'Jason McDonald Ph.D.', 'Workbook', 'CreateSpace Independent Publishing Platform', '2015-11-25', 'Paperback', '158', NULL, 'SEO Made EASY: Step-by-step Directions to the Top of Google  2016 Updated Edition - up-to-date coverage of Google''s Penguin, Panda, Semantic Search, Mobile and even Local algorithm updates FREE SEO Tools - includes access to Jason''s SEO Toolbook - a $29.99 value! Worksheets and Videos - more than just a book, the SEO Fitness Workbook includes worksheets and videos to guide you from SEO novice to SEO expert. Contents - coverage of ''On Page'' and ''Off Page'' SEO, the ''new'' content marketing, blogging, link-building and every other esoteric technical tactic in PLAIN ENGLISH for MERE MORTALS   SEO in PLAIN ENGLISH: let Jason guide you in SIMPLE language to the top of Google, Bing, and Yahoo    More on the SEO FITNESS WORKBOOK, 2016 Edition   While many books on SEO sell for $2.99 or are even free, the SEO FITNESS WORKBOOK is priced at around $39.99. It''s worth it. Here''s why -    Please ''Look inside'' other books on SEO on Amazon, and PLEASE read the reviews! Compare the reviews of those books with the reviews of the SEO FITNESS WORKBOOK. Many of the books on Amazon, unfortunately, are just junk put up quickly to make a quick buck. The SEO Fitness Workbook, in contrast, is built upon years of real experience, and the teaching methodology of Jason McDonald, used in his classes in the San Francisco Bay Area, including Stanford University''s Continuing Studies program. It''s in-depth, and supported by facts and real experience.  Got questions? Google Jason McDonald and send an email. Simple STEP-BY-STEP instructions PLUS free tools PLUS worksheets PLUS videos makes the SEO FITNESS WORKBOOK worth $50 or even $75 dollars, easily.    The author, Jason McDonald, has instructed thousands of people in his classes in the San Francisco Bay Area, including Stanford Continuing Studies, as well as online. Jason speaks in simple English and uses the metaphor of The Seven Steps to SEO Fitness to explain to you how to ''get SEO fit.''    Check out the other SEO Books - SEO For Dummies, SEO an Hour a Day, etc., - they''re great, they''re good, but they don''t include powerful step-by-step worksheets, links to online videos, and the free SEO Toolbook with hundreds of free tools for search engine optimization 2015. Buy the ''free'' or .99 cent books on search engine optimization, and compare them with the SEO FITNESS WORKBOOK. You get what you pay for.', '1518748880', '9781518748882', '/../web/bookImages/2016-02-05_11_21_02_59899902.png');

-- --------------------------------------------------------

--
-- Table structure for table `campuses`
--

CREATE TABLE IF NOT EXISTS `campuses` (
  `id` int(11) NOT NULL AUTO_INCREMENT,
  `university_id` int(11) DEFAULT NULL,
  `state_id` int(11) DEFAULT NULL,
  `campus_name` varchar(255) COLLATE utf8_unicode_ci DEFAULT NULL,
  `campus_status` varchar(20) COLLATE utf8_unicode_ci NOT NULL DEFAULT 'Activated',
  PRIMARY KEY (`id`),
  KEY `IDX_80EFFAE8309D1878` (`university_id`),
  KEY `IDX_80EFFAE85D83CC1` (`state_id`)
) ENGINE=InnoDB  DEFAULT CHARSET=utf8 COLLATE=utf8_unicode_ci AUTO_INCREMENT=88 ;

--
-- Dumping data for table `campuses`
--

INSERT INTO `campuses` (`id`, `university_id`, `state_id`, `campus_name`, `campus_status`) VALUES
(1, 1, 3, 'Madison 23', 'Activated'),
(2, 1, 3, 'Green Bay', 'Activated'),
(3, 2, 4, 'South Carolina', 'Activated'),
(17, 26, 2, 'Dhaka', 'Activated'),
(18, 26, 5, 'Toronto', 'Activated'),
(19, 27, 5, 'waterloo', 'Activated'),
(20, 27, 1, 'toronto', 'Activated'),
(21, 28, 1, 'Alabama', 'Activated'),
(22, 29, 1, 'Chittagong', 'Activated'),
(23, 30, 1, 'US', 'Activated'),
(24, 30, 5, 'UK', 'Activated'),
(25, 31, 2, 'Dhaka', 'Activated'),
(26, 32, 5, 'Horazon', 'Activated'),
(28, 34, 5, 'Khulna', 'Activated'),
(29, 35, 1, 'Sylhet', 'Activated'),
(30, 36, 2, 'hello', 'Activated'),
(31, 36, 5, 'kelll', 'Activated'),
(32, 37, 3, 'cam1', 'Activated'),
(33, 37, 5, 'Cam2', 'Activated'),
(34, 1, 2, 'New Campus', 'Deactivated'),
(35, 1, 2, 'Hello Campus', 'Activated'),
(36, 1, 5, '123', 'Activated'),
(37, 1, 3, 'Manic', 'Activated'),
(38, 1, 5, '54321', 'Activated'),
(77, 47, 1, 'Main Campus', 'Activated'),
(78, 47, 3, 'Secondary Campus', 'Activated'),
(79, 47, 5, 'Third campus', 'Activated'),
(80, 48, 1, 'main', 'Activated'),
(81, 48, 1, 'Campus 1', 'Activated'),
(82, 49, 5, 'zserfase', 'Activated'),
(83, 49, 3, 'aer', 'Activated'),
(84, 50, 2, 'qqqqqq', 'Activated'),
(85, 50, 2, 'sd', 'Activated'),
(86, 52, 1, 'cam', 'Activated'),
(87, 52, 2, 'cam1', 'Activated');

-- --------------------------------------------------------

--
-- Table structure for table `client`
--

CREATE TABLE IF NOT EXISTS `client` (
  `id` int(11) NOT NULL AUTO_INCREMENT,
  `random_id` varchar(255) COLLATE utf8_unicode_ci NOT NULL,
  `redirect_uris` longtext COLLATE utf8_unicode_ci NOT NULL COMMENT '(DC2Type:array)',
  `secret` varchar(255) COLLATE utf8_unicode_ci NOT NULL,
  `allowed_grant_types` longtext COLLATE utf8_unicode_ci NOT NULL COMMENT '(DC2Type:array)',
  PRIMARY KEY (`id`)
) ENGINE=InnoDB  DEFAULT CHARSET=utf8 COLLATE=utf8_unicode_ci AUTO_INCREMENT=2 ;

--
-- Dumping data for table `client`
--

INSERT INTO `client` (`id`, `random_id`, `redirect_uris`, `secret`, `allowed_grant_types`) VALUES
(1, '1t8rtqj36wkgcw4k8wko4wo808ksok0w8wssow4k8sgw08osw8', 'a:1:{i:0;s:57:"http://localhost:8080/Student2StudentApi/web/app_dev.php/";}', '3pcvjgjoqekgwgkoc0gss4cggkoo000o40ggc8ok44ksc4ckk0', 'a:5:{i:0;s:8:"password";i:1;s:13:"refresh_token";i:2;s:18:"client_credentials";i:3;s:18:"authorization_code";i:4;s:42:"http://platform.local/grants/social_plugin";}');

-- --------------------------------------------------------

--
-- Table structure for table `contact`
--

CREATE TABLE IF NOT EXISTS `contact` (
  `id` int(11) NOT NULL AUTO_INCREMENT,
  `book_deal_id` int(11) DEFAULT NULL,
  `buyer_id` int(11) DEFAULT NULL,
  `buyer_nick_name` varchar(100) COLLATE utf8_unicode_ci DEFAULT NULL,
  `buyer_email` varchar(100) COLLATE utf8_unicode_ci NOT NULL,
  `buyer_home_phone` varchar(25) COLLATE utf8_unicode_ci DEFAULT NULL,
  `buyer_cell_phone` varchar(25) COLLATE utf8_unicode_ci DEFAULT NULL,
  `contact_datetime` datetime NOT NULL,
  `sold_to_that_buyer` varchar(25) COLLATE utf8_unicode_ci NOT NULL DEFAULT 'No',
  PRIMARY KEY (`id`),
  KEY `IDX_4C62E638652E0B93` (`book_deal_id`),
  KEY `IDX_4C62E6386C755722` (`buyer_id`)
) ENGINE=InnoDB  DEFAULT CHARSET=utf8 COLLATE=utf8_unicode_ci AUTO_INCREMENT=39 ;

--
-- Dumping data for table `contact`
--

INSERT INTO `contact` (`id`, `book_deal_id`, `buyer_id`, `buyer_nick_name`, `buyer_email`, `buyer_home_phone`, `buyer_cell_phone`, `contact_datetime`, `sold_to_that_buyer`) VALUES
(31, 1, NULL, 'publicUser', 'sujit.sync@gmail.com', NULL, NULL, '0000-00-00 00:00:00', 'Yes'),
(32, 1, NULL, 'publicUser', 'sujit.sync@gmail.com', NULL, NULL, '0000-00-00 00:00:00', 'No'),
(33, 3, NULL, 'DONTKNOWMW', 'sujit.sync@gmail.com', '13246', '465789', '0000-00-00 00:00:00', 'No'),
(34, 3, NULL, 'DONTKNOWMW', 'sujit.sync@gmail.com', '13246', '465789', '0000-00-00 00:00:00', 'No'),
(37, 3, 24, NULL, 'sujit@brainstation-23.com', '1325', '132465', '2016-04-25 10:11:42', 'No'),
(38, 4, 24, NULL, 'sujit@brainstation-23.com', '464', '465132', '2016-04-25 10:16:39', 'Yes');

-- --------------------------------------------------------

--
-- Table structure for table `countries`
--

CREATE TABLE IF NOT EXISTS `countries` (
  `id` int(11) NOT NULL AUTO_INCREMENT,
  `country_name` varchar(255) COLLATE utf8_unicode_ci DEFAULT NULL,
  `country_code` varchar(255) COLLATE utf8_unicode_ci DEFAULT NULL,
  `country_currency` varchar(255) COLLATE utf8_unicode_ci DEFAULT NULL,
  `country_currency_short` varchar(255) COLLATE utf8_unicode_ci DEFAULT NULL,
  PRIMARY KEY (`id`)
) ENGINE=InnoDB  DEFAULT CHARSET=utf8 COLLATE=utf8_unicode_ci AUTO_INCREMENT=3 ;

--
-- Dumping data for table `countries`
--

INSERT INTO `countries` (`id`, `country_name`, `country_code`, `country_currency`, `country_currency_short`) VALUES
(1, 'United States', 'US', 'US Dollars ($)', '$'),
(2, 'Canada', 'CA', 'CAN Dollars ($)', 'CAN $');

-- --------------------------------------------------------

--
-- Table structure for table `messages`
--

CREATE TABLE IF NOT EXISTS `messages` (
  `id` int(11) NOT NULL AUTO_INCREMENT,
  `contact_id` int(11) DEFAULT NULL,
  `user_id` int(11) DEFAULT NULL,
  `message_body` varchar(255) COLLATE utf8_unicode_ci DEFAULT NULL,
  `message_datetime` datetime NOT NULL,
  PRIMARY KEY (`id`),
  KEY `IDX_DB021E96A76ED395` (`user_id`),
  KEY `IDX_DB021E96E7A1254A` (`contact_id`)
) ENGINE=InnoDB  DEFAULT CHARSET=utf8 COLLATE=utf8_unicode_ci AUTO_INCREMENT=56 ;

--
-- Dumping data for table `messages`
--

INSERT INTO `messages` (`id`, `contact_id`, `user_id`, `message_body`, `message_datetime`) VALUES
(28, 31, NULL, 'Hello sujit, I wasnt you contact for that book.', '2016-04-25 08:36:48'),
(29, 32, NULL, 'Hello sujit, I wasnt you contact for that book.', '2016-04-25 08:38:01'),
(30, 33, NULL, 'Message', '2016-04-25 09:03:23'),
(31, 34, NULL, 'Message', '2016-04-25 09:05:51'),
(34, 37, 24, 'Message for you. Contact Me', '2016-04-25 10:11:42'),
(35, 38, 24, 'Hi tHere, PLease contact me', '2016-04-25 10:16:39'),
(36, 37, 24, 'Hi sujit 5', '2016-04-26 05:28:40'),
(37, 37, 24, 'Hello Again', '2016-04-26 05:50:04'),
(38, 37, 24, 'NAd Again', '2016-04-26 05:52:46'),
(39, 37, 24, 'sfasefdase', '2016-04-26 05:53:59'),
(40, 37, 24, 'aefawe', '2016-04-26 05:55:04'),
(41, 37, 24, 'Hello', '2016-04-26 06:18:03'),
(42, 37, 24, 'Hellorfsr', '2016-04-26 06:19:46'),
(43, 37, 24, 'Hellorfsrsef', '2016-04-26 06:20:32'),
(44, 37, 24, 'Hellorfsrsefefa', '2016-04-26 06:22:18'),
(45, 37, 24, 'Hellorfsrsefefa', '2016-04-26 06:22:55'),
(46, 37, 24, 'Yes I am A Buyer And I need To Your BOOk', '2016-04-26 06:32:56'),
(47, 37, 24, 'Yes I am A Buyer And I need To Your BOOk', '2016-04-26 06:33:57'),
(48, 37, 24, 'Yes I am A Buyer And I need To Your BOOk', '2016-04-26 06:34:34'),
(49, 37, 24, 'Yes I am A Buyer And I need To Your BOOk', '2016-04-26 06:35:24'),
(50, 31, 24, 'I am here', '2016-04-26 09:35:28'),
(51, 31, 24, 'I am here', '2016-04-26 09:38:01'),
(52, 31, 24, 'I am here', '2016-04-26 09:42:10'),
(53, 32, 24, 'Do It man', '2016-04-26 09:42:30'),
(54, 38, 24, 'You', '2016-04-26 09:43:18'),
(55, 37, 24, 'Again', '2016-04-26 09:43:39');

-- --------------------------------------------------------

--
-- Table structure for table `referrals`
--

CREATE TABLE IF NOT EXISTS `referrals` (
  `id` int(11) NOT NULL AUTO_INCREMENT,
  `referral_name` varchar(255) COLLATE utf8_unicode_ci NOT NULL,
  PRIMARY KEY (`id`)
) ENGINE=InnoDB  DEFAULT CHARSET=utf8 COLLATE=utf8_unicode_ci AUTO_INCREMENT=10 ;

--
-- Dumping data for table `referrals`
--

INSERT INTO `referrals` (`id`, `referral_name`) VALUES
(1, 'Student'),
(2, 'Teacher'),
(3, 'University'),
(4, 'Flyer'),
(5, 'Search Engine'),
(6, 'Blog'),
(7, 'Tell A Friend Email'),
(8, 'Facebook'),
(9, 'Other');

-- --------------------------------------------------------

--
-- Table structure for table `refresh_token`
--

CREATE TABLE IF NOT EXISTS `refresh_token` (
  `id` int(11) NOT NULL AUTO_INCREMENT,
  `client_id` int(11) NOT NULL,
  `user_id` int(11) DEFAULT NULL,
  `token` varchar(255) COLLATE utf8_unicode_ci NOT NULL,
  `expires_at` int(11) DEFAULT NULL,
  `scope` varchar(255) COLLATE utf8_unicode_ci DEFAULT NULL,
  PRIMARY KEY (`id`),
  UNIQUE KEY `UNIQ_C74F21955F37A13B` (`token`),
  KEY `IDX_C74F219519EB6921` (`client_id`),
  KEY `IDX_C74F2195A76ED395` (`user_id`)
) ENGINE=InnoDB  DEFAULT CHARSET=utf8 COLLATE=utf8_unicode_ci AUTO_INCREMENT=202 ;

--
-- Dumping data for table `refresh_token`
--

INSERT INTO `refresh_token` (`id`, `client_id`, `user_id`, `token`, `expires_at`, `scope`) VALUES
(1, 1, 24, 'Y2Q0Y2VmYTNmODlkOWFlODA2YzA5ZDk1ZDE2NWFiMDk3ZTI3YjY3OWQ2OGU2NGE2ZTA4YmViY2E1OWJlYjhkZg', 1457348433, NULL),
(3, 1, 24, 'YjJmY2VkNGQzY2FjYmI5MTEwOGM5ZDhjMjVlZjA3NzlhM2YwZmY1ZjUwNWFjM2I2MjlkZjQ5ZTQzZWExYWMzMw', 1457361517, NULL),
(4, 1, 24, 'Nzc3NzZkMjY3MTZkYjExMDMxMGJkZjJkN2ExZTNmNjk3N2NlMDhiN2VkZTM2Y2Q0NDE1MzZjNjcyNGIzZWMwMA', 1457361590, NULL),
(5, 1, 24, 'YjBmZThkYzczNjQwM2QzYjQ1OTdhNzdkMzQwZWExNjdmZTVjYzU2MjE4NzY0NjZhMTkwZDYzZDcyZGY3OWZjMQ', 1457361680, NULL),
(6, 1, 25, 'ZDViZDE3ZDNiOTFjNTcxYmU0NWI2NzZmMzU5NjAyY2U3YzhjYWIyZjk0NDhlMTVlZDAwMjA0OTQxMDE3MGNmNQ', 1457418985, NULL),
(7, 1, 24, 'NmQ5ZTFjYTVjMTI3MDg4NWVlMDEyZmUzYWVjZGIzOWU4NzM1ODdhNDIyNTQ5YzBkYjFlYTZjZTFmN2ZmMWUyZA', 1457425835, NULL),
(11, 1, 24, 'ODIwNzQwMTY2ZmExNTRhOGVjOGEyMzBjZmFjYjM3ODZkYjI4ZDY1NmRhOGNiMmU1M2UyMWEzOGIzNWQ4ZGUzYQ', 1457445603, NULL),
(13, 1, 24, 'Y2JiYWNhYWNjZTg0OTU4MzVlODY5NWJkNzdkYzBhY2E0OWE5NDI5MzhhNzVmN2JiNjdjNmIzYjgzZTU3Y2U4Yw', 1457503688, NULL),
(15, 1, 24, 'N2U3MzQ3Mjc0YmNiYTllOGZhY2E2ZWM0ZTMyMDM1ZjdiY2MxOTkxZDE2YjRmMDY2NjQzOTliNzcwMTM0MDE2Ng', 1457514443, NULL),
(16, 1, 24, 'NDcxYzk2Njk3NTY5ODQyNWU4MjFhNzg5MjhjMGY4NzhlMjllYjY2OTQ5OTY1NmE5ZWEzMWUzNDJiNzBlYmZiMQ', 1457590723, NULL),
(20, 1, 24, 'YzEyMzMwNzQ0OTAzY2ZlZWUyN2JiZTUxMGJlMGY1NGQzZjliNzQ0NjEwZjhjOTFlNTJiN2U5OTFlMGNjZDI2Nw', 1457683735, NULL),
(22, 1, 24, 'OWNjMjZmODk0OTRmOTA0MDU1YjBmYzAxNTg4ODYzYWFhMTdmNWEyODRhYWMyYjMzOWJjMDU5YmEwYmI0YTIzOQ', 1457692278, NULL),
(23, 1, 24, 'MTY0NTBkZmIyMmEzNzA4NDk4NmQzNzZlYTQxNmVhZmI2ZjAwZmQxZTg1NzlmZTlhNWFiNGE4NTRkNDllYjk1MQ', 1457693637, NULL),
(24, 1, 24, 'OGMzZGY5NDU0MzY5YWNlNTJhMDZhZmQwODRmNjcwMWRlOTNmMzA1YjQ0NzU4YmU4YWU5ZjBhYzFkMGI0YzhkYQ', 1457694152, NULL),
(25, 1, 24, 'MzFkMDUyNzFhOTNjZjc1ZWVmOTg1Nzc5NDFmOGExYjI1NDA1MDZlNTRlNGEwYWVlY2I3YWQ0YzlhYzdlYTI3YQ', 1458038513, NULL),
(28, 1, 24, 'YzExYTU5OGIxZWVlYmIyMmM2NTIxNGFhNTMzNzk3MWIwYTMzZGM3YjQ5MDc3ODdlZjBiNTZmZmYxNDM5MzJjNA', 1458045971, NULL),
(29, 1, 24, 'OWI2ZGQzMDZkZWQ3ZGU1NTA5ODBhNmVjMzI4ZmNmYWViMDk4YWZlNjliNDYzYTJkMGU1ZWIwMTYzNjZkMTU3MA', 1458049725, NULL),
(36, 1, 24, 'MmVhZDFiZWFkZjc0ZTQ0NjFlMGM0YWU2MmJiYTUwYzI2ZDQxNTdkMTQ1YzUzNDU3ZmU1YzM5YWUwZmE2ZGExNA', 1458131927, NULL),
(43, 1, 24, 'ZGJlNWJjOGVlZmVkMjk3MzBmOWI2ODEzYzI0YmI4MjlmMDE2YWMxOTUxZWEyNGIwMjI0MGYwNTUwMDVlZDAwZA', 1458215037, NULL),
(50, 1, 24, 'ZjJiZjMzOTUxYTFjN2EwN2QxZjk3ZDQ2YTcwN2FlMDdmMDQ1ZDA2ZjMwN2RjMmY2ZGE1YzhhYWFjZWVkNTEwMw', 1458293886, NULL),
(51, 1, 24, 'YmYxNTVkZmZjNjE5ZGJjMjdlNzVjYjRhNzg3YzZmZGY5Y2M4MDEwNTIyYjUyNjE3OWNiYjgxM2NjNzI0NTMzNg', 1458557120, NULL),
(52, 1, 24, 'NTY0ZmRiZmRiNDAzZjRkMzhjNWIzMGRlYmFhMjUwNDZkYzc3YzliYzFlY2RjZDJiOTJiMjUzMzhlYzlkMjQ0Yw', 1458624551, NULL),
(53, 1, 24, 'MTE1MjYxNWZlYWU1ZTIyOTdkYTk3MjAxMTZiYWVkMTZiODU5NWNmMDE1MjJkZWRkNmE1OGE3ZGJhZWNjZjAxMg', 1458628983, NULL),
(57, 1, 24, 'YzA4YjkxODEwNTE2ZjlmOTZmMmQ0OTE3MDlmZjA3NTIxYTA5Y2JiOTViZGU1MGJkOTZhNWUwMjk5NGZkNmU5ZA', 1458650490, NULL),
(62, 1, 24, 'ZTFjYmU1YmUwZDI2MjYyMjE0YmI2ZDUyZjJkODI3MDViNDUwYWZkMjI2Y2YxOWM0NGMyM2ViODljMGU1ODJlMQ', 1458739479, NULL),
(65, 1, 24, 'OGU0MjgxYWZkOTM0ZGIxMjhiNDU2MzA0OTBhMDEwMGViYTcxMzUzZjg3MTliYmJkZDg2YzI5Yjc3NGUyYTRhYg', 1458814152, NULL),
(68, 1, 24, 'MDRhODRkYTQxZTBmMzMxMjI0NDI1NmNkNGFlNDAyYzE2OTBjMzU5ZTBiNzRlZDhmM2IzZmZmZmNiZjdjMzU4ZA', 1458823264, NULL),
(74, 1, 24, 'MjNlMDRlZDUyMDdjNmIxZjkxODhlMzY5OWM5Njk0YTM5OTMwMWNhZTEwZmZiYTJmZWJhYWJiNTI2MWYwMGZkOA', 1458902541, NULL),
(78, 1, 24, 'ZTg4NDI3ZjE0ZjVhNTQxMzhhYjE1NDE5ZmM4OWEzZmZiOTkyNzM4NmE0OGMwZjJiNGQ0NWExMTM1MzUxYWVlNg', 1459153087, NULL),
(85, 1, 24, 'MzlkZjU2NTliYjliZDJmN2YwOTFkYzQ1Zjg5MjQyZmExMGYyZjljYTgyMjdhYTM5MWVjOGJmZGQ1NGQzZWI3Mw', 1459263253, NULL),
(88, 1, 24, 'NzlkYjBlOTFmMzgwZDk5YTFhODAyNWUzY2M2NDIzMjM1YmRiOGIzNjIzYjM3MzViZGQ5Y2I4OGI0YTcxMzlmNw', 1459325865, NULL),
(90, 1, 24, 'OThhYjE3YzVjZGU3MTcxNDk0ZWY5MmNmMjJkZTVhMTNhZTU3NTBjM2ZlYTQxYzI4YWI0MmU1ZjBhOGI2NTQxZA', 1459776069, NULL),
(93, 1, 24, 'MzI0NDBmNTE0OWEwYzZjN2Q0MGMxNGY2YTM3ZTkyM2RkNmIxNDQ3MWZhN2ViODViMTk3MjQ2OWQxNGI4N2NiNg', 1459841026, NULL),
(96, 1, 24, 'Nzc3ODIwNTc0YzVhNTVjOTMzYTAxMmVmNTJmMmU2NDU0OWRlMTM2MTE3MDZiYzU1MDBiMjg0ZGYxNTJlMDE2Mw', 1459849127, NULL),
(98, 1, 24, 'MjdhZDdkNzgxZThkOTNjZjJjYjgwYTcxNzUyM2FiMTE0OGZlNmE4MjFlYjZhM2E4ODE4YTk3MGFhMTBjNWE3NA', 1460537741, NULL),
(99, 1, 24, 'ZjA2MTczZDY4MTVkYmVhY2JkYzY1ZGFlMjgwMjM5NzkyOWQ5MzkzZTY3ZWMxNzc2NjRkYzFjZTAwZmQ4ZmRkYg', 1460539828, NULL),
(100, 1, 24, 'M2NiNWE4MGE5NmZkYWE3MzY1ODZmNjVmZThmNTY2ZjRmZDVhNWE4Y2YzZWY4MWRhZmI0OTA0NDJlZjk1NWNkNg', 1460543508, NULL),
(101, 1, 24, 'MDkxZDE4ZTMxZWE4Yzk4OGNkODhhZjkxZTE1Y2JlMDU2YjJhOTBhMTE2OGUxYjk2M2JiYTRhZGRlNGQ5Nzg0MQ', 1460543815, NULL),
(102, 1, 24, 'ZTQ5NDdkNTVmOTU1MTU0NTI4YmEzZWZlZmJjOTI3ZWQzMDNlZGIxZWY0M2VjYzJjYzU1NjBhMTJmYTcwOWNhNQ', 1460543859, NULL),
(104, 1, 24, 'MGFlMzhiOGFmNWRjYzAwN2FlMjM5NmE1YTRhZmEyMjdmMWYyZDEyMDg0ZGNmOWI2ZTQ1NGI1ZTAwMmVkYTU3MQ', 1460548195, NULL),
(105, 1, 24, 'OGZlMWM4MjcwNmY1ZmE1NzcwYTQ2NjUzMGY3ZTNlZjA4MzgyNmFlZTg4ZTIyYjBjMTFlNjc5Y2I0ZDk1MTgxNg', 1460551431, NULL),
(106, 1, 24, 'MGVmMjdmM2U1ZGZkYTgwYzU4MTBkYzk2ZDg0NTUyODI4NGEwMjlhNDNjMDQxZjY2MzFiNDFhMDc4OGIxMDIwZg', 1460615876, NULL),
(107, 1, 24, 'Mzc1YzBhZTFjMGMxOGRjMzZlMTE2OTliOGUzZmM5ZTA5ODRjOTc0NDhhZjBiMDQ2YTRjYTFjY2M2Yzc2MTZhYQ', 1460622514, NULL),
(108, 1, 24, 'NzI2YjlmNDZlMmUyNWE1MmM0Y2E0YWM1YmVkN2VhMTBiN2RhMDcwY2U0NDExMTExMWU3ODU1MzZjOTRjMmMxNg', 1460623093, NULL),
(109, 1, 24, 'ODY4ZTA0YWE1ZmJhNTM5ZjdmYzc5ZWRmMTFkNjJmN2IxY2ZlMGRhYzg3NDM0ZmU5MzdkOGRhZDFjOThlZWIyZQ', 1460623128, NULL),
(110, 1, 24, 'OTc5ZjBmNzY1NjdkMzQ1YjcyNDY2OTEzM2Y2ZmM0MzZiYzdjMjRhNmE4MDJmYTQzYzM4OWY5Y2YwMzkzYjdlYw', 1460623179, NULL),
(111, 1, 24, 'Nzc2YzdjZDFhN2VlOWFjNjdkOGI2MWZkMGY4MzE1Yjc0OTNlY2NlNzRkZmQwNWY2NTk3YWU2YjdhZmI0NTQxYQ', 1460623560, NULL),
(112, 1, 24, 'YmQ0MWIwYTUyYTczOWI1NDRkY2I5ZWI5MjNhMTMwMzUwM2FlYjFmOTkzNGM4NDcxZTAzOWVmMDY5MGVlNjYxOQ', 1460623588, NULL),
(113, 1, 24, 'YjJkNTUyNDVmOTVlYTVkMDI5ZjE2YzBkOWQzZDcwYzEzN2RlODUyZmY2NTAwM2VkYTdkYmI2YmIxOWVkMmM5NA', 1460623658, NULL),
(114, 1, 24, 'M2Q1MjdiNDg3MTNiNzI3NTBiNjc2NDE1NGFhMTZkMmJjOWRlZDMxOTA5ZmJiYjU3YjI2NzYwMTM3YjY4YzlmMQ', 1460623737, NULL),
(115, 1, 24, 'MDMwMGM2ZThmYzUzMTc1MjI3ODZjNWJiYWM5NWNlYTg0ODVhODg5OWRkMWYwZTU0ZDk1ZDJmOGIxNzBjNDRiYw', 1460623771, NULL),
(116, 1, 24, 'NDQ4ZmJjMzc2MGZhZjMzNWI5MzliODliZDUyMjY5NjllNTY2YjExMWQ1YmNmODY3YmE1MzNlYzU3NDYwNzM0OQ', 1460623992, NULL),
(117, 1, 24, 'OGQ4YTg1NDhjMTlkMDVlODU1YjNmYmNkZDU1YjgzMjE1Mjk2ZGU5ZTU3MWNkNDJkZTFhZDRkMDMyYjQzYjQxMQ', 1460624102, NULL),
(118, 1, 24, 'MTYzNjZjOWJjZjc4NjAyODNlMTA4YWU3ZjFjMWU1ZDk0ZGI2NjRkMmNiYWNkODE5ZTk2ZWM4NzFiMDhhODI3OQ', 1460625304, NULL),
(119, 1, 24, 'NTcxNmMzN2M0MjA0MDdmZWJiZjljMDVhOTk4ZWNiZDYyYTZhMWU0N2Y0ZjU5MzJjMGIzNTY0NGZkNDUzYjE3OA', 1460625350, NULL),
(120, 1, 24, 'Mzg2Mjc4YTk4ZWY4ZTVmMDA3ZGQ2ZGQyNDQwMjE3N2ZiYjM4ODAwMDNhMTZmMWZlOTBlODcyM2Q0MDRhMWVmNQ', 1460625472, NULL),
(121, 1, 24, 'ZTJmZjE0NzQ2MzAyMmRjNDE5ZjUyZTAyYzA4NzgxODE0YWQ5NjYwZDg5NWNmYzY1MDAyNGI0ZDYzNTBkMTBiMg', 1460625715, NULL),
(122, 1, 24, 'MGMwYWM1NWJlYWU4ODdmYjA1MmEwNjJlYjg4M2JiMWFjZDU0YmVjMjliYmZiMmVlODM2MDgzNWY1OGMwMDdlZg', 1460628911, NULL),
(123, 1, 24, 'NGZlNjRhM2JhMGYwZDljYzc1YjUyYWVhMTQ5MTQwNWE4M2RmYTEzMjNmZjcyMjg3YWRhZGUxZGM1ZTE2NDk2Yg', 1460629267, NULL),
(124, 1, 24, 'OGVmMDZhMTc2ZTYxMmRiMjZkOWU0NTNiYjg0NWY3YmQxNDg5OGE0NDZkOTk5ZGUyMTI1ODQyMWJiMjA4NWQ1NQ', 1460629704, NULL),
(125, 1, 24, 'YjgwNWU3YjNlZGY2YzlkZjliZWExMTc4M2M4MTI2NDZlODQ4MzBiNDBiMGI3ZTM5Nzk3YTI1NmM2NmZjMGUwMA', 1460696423, NULL),
(126, 1, 42, 'ZGM4Zjg2NThjMDYxNGExM2Y5ZGVjMGUyNjI1ODRlOWY2ZjM1NTgyMTU3NWQ5YjAxZjE2MjYyNWVlZWE4ODZmMQ', 1460714629, NULL),
(130, 1, 24, 'ZjFkNDA5YWMxYTQ0YWEwYzhkZTAxODU0ZGYyMTY3MzA3MDc5OWE1YzlkOTk1MWVhYjhlYjI2MDVmOTgyZjM1Ng', 1460980861, NULL),
(131, 1, 24, 'YzY1Y2M1NWQ5MmZhZTcyZDk1Y2M1NjZhYTk5ZmZkZDU3OWU5ZTc2YjAzNjRjODgyMGY2ODlmOWMwMGUxYzZiNw', 1460985508, NULL),
(132, 1, 24, 'YTVjMWU4NTQzODk4OGQ3NmE2OWNmYWMwMzdmOThlNWJlYTA5ODEzZjEwNTBkYjdlYzVhZDQxZWJhODFkMDlhYg', 1461043419, NULL),
(133, 1, 24, 'ZDRhYWM0MmVhNjdmZjU4ZDFlZjc1ODE4Njk1OWI4OTRmYmRiM2E4MjczOGVlMWMyMjQ5Nzc5YjQ3NDQ5MjUzMw', 1462163204, NULL),
(134, 1, 24, 'ODRmZThiMWYwNDNmZmRlNjg3ODk5MGFhN2ZjNDY3NWI5ZWE1NmZhZTQxMmM2YmJmZmNhOGM3MWIxNzc4ZmU1OA', 1462164849, NULL),
(136, 1, 24, 'NTkzM2Q0OTJhMTI4YmM4ODBmYTg5ODRjNTU1YmFhYmQyNGExOTcwODU0NzIxZjhmNDFhNjExZGQwYzdmN2JhMw', 1462171165, NULL),
(140, 1, 24, 'NzZhYTY0NTkxMzQ3NDRkNGNiYWI5ZmMyNDdmYzA2NjlmN2VkYjM2MTdmMjE1YjRlOTBjODI4MTMwYzExNDg0ZA', 1462268047, NULL),
(142, 1, 24, 'YTZkYWZiNGEzMThhY2ZlMDhiMjhkMWZlNDRhYTk4OTJmNzExZDcxNDNjNTlmMGY5ZDdlOGFjNGU2NzliOTRmNQ', 1462276214, NULL),
(143, 1, 24, 'MDhjMTY4NmZmNzg4ZWVjNjQ1NGU1ZjRkZGIyYTY4MjVlYTk4NDIwYmZkYzkwYWYzYTRlZmM3OTVjMGQ4MTc5Yg', 1462335532, NULL),
(144, 1, 24, 'NjY5Y2YzNjUyOWZkYTk2ZGJlOTRkZDQ4Zjc3ODA0NTBmMTU4Y2JiZmM5YTdlMGRkOWMxZTA2ZmYxZDk5ZDFhOQ', 1462344817, NULL),
(145, 1, 24, 'NjYzNTk5MjA3MjVmMTI0MDBjZTUzNDUxMGVhZGM2ZTI2NWQ0Y2RkYjVhNWYxMjliMDYwNDE4NjBhMGE5OWI2OQ', 1462348983, NULL),
(146, 1, 24, 'ZjVlMTM5NWIzM2Y4M2I3MTBkZTI0MDcxOTIxNTFiYjdhNjMxMjI1YTM1NmM3N2ExNWNhNjM5OWU5ODBlMzhlNw', 1462428222, NULL),
(147, 1, 24, 'YWY3OTAxMzVlOWQ0MDY1ODg3MWQxYTMyYzJkOTc3YjA5YmVhNzg1ZWZlNjc2MjU0YzEzMTFkMTNmZWZmOTU5Yg', 1462433763, NULL),
(148, 1, 24, 'OWUwZjhhNmEyZmMzY2NhY2E3NzFkZjQ0ZGIwMTZmYTM3ZGM4MGRhYWRkMDE5ODU0MDA0MDAxNTkzZDNiNDYxNA', 1462440097, NULL),
(150, 1, 24, 'MTk5Y2Y2ODk3ZmE0ODE1MzhiY2RkOWMxODY4NGI0NzVkODQwZTM0ZTE1YmNjN2JmMjA1ZDYyODJmMDYxMDZmMQ', 1462444976, NULL),
(151, 1, 24, 'OTI5ZjlhYzU2NTcxOTVhMjcwYWZiNDdiM2YyZTQ2YWQ3OGRiZmQwZWI5YmE3ODM1OGQ5YTNjNzU2ZDBmOWVhNQ', 1462445664, NULL),
(153, 1, 24, 'NDE0M2NkZjFlNWUwZDNlNWNlYjhmYjZhOTZkZjAxOTJlYTRlZTQ2NWQ2NzhlNzU2ZmNjZTBmNDk4YzgyNDE5Yg', 1462450583, NULL),
(154, 1, 24, 'MjZhNmNlM2Y4YWI3MDllMmE0ZjM5MDg4YWMyOGE0MmIwNDY4MTFmYzdmYWZkMTZiNjYzZGI4NTMwN2QwNGUwZg', 1462509534, NULL),
(155, 1, 24, 'MDYxMGUzN2NmMTg3MTdlOGQ5ZDk3ZTQ1ZjVlMTM1NGI4OTYxM2IwOGU4ZmExY2E5NWQzYjM1NDNmMjVkMTZhNg', 1462515121, NULL),
(157, 1, 24, 'ZWFmYzJmNDJjM2M5NjI0ZWQ5NDMwYTdmOWZkZTU4NGM4Y2U5ZWU5MWZlMDAwOWYyMjVhYWE3ZTE2OGY3ZGZiMw', 1462523295, NULL),
(158, 1, 24, 'OWFjOWE0OTc3NjVjYWUzMDI5Y2VhNzRlMDI0OWQwOTVkNmNjNjcxNzhlMmJiODdlNDI2ZmM4ZTQxODZjZmNkMA', 1462526447, NULL),
(159, 1, 24, 'MWEyYWY4ODllZDY0ZGE4NjY5M2VkOTE5MDdjZjZlYmFhMmQ2NmIxYjliNmZiNGRjNTMzMTcwNGY1NzljMWZlYg', 1462761732, NULL),
(160, 1, 24, 'Y2Y1ZTlmYjg3NGFlMjUxMTk4M2FkYjU5MzUyNmVmMWM5ZDFmYjkxNGM2MjY3ZGUyMDY4ZmJjN2M2NmU2ZDBkMg', 1462768779, NULL),
(162, 1, 24, 'ODljNDVmZTExMGI0OTFjMDBjNTA2Y2Y0ZjNiOTc0YzhjNzViYWMyM2RlYzdhNDQ2NjliNmIyZTA5YWZiNTBlZQ', 1462775520, NULL),
(163, 1, 24, 'MWMyMzAwNmE0ZDgzMDMxZjZhYzE0ZmVjNjgwM2NhMzA2NDM2M2NmOWFmODcxZTQ0MWY3Yzk4ZWZmMTEwMGEzMw', 1462775568, NULL),
(165, 1, 24, 'NWM1MDVhOGU1ZGNhNGRjOTljZWMwOGM2Zjk0OWRhZjk3YWNkZGJiODRlODQyYTk3NGNmODY2YzYyYTRkZTNhYQ', 1462788573, NULL),
(166, 1, 24, 'OWJjYWVkYjE4NGM0NGIyNmNlMjhkOTNjZTZmNjIzNGY3MjMyZjdkZTg3MmEzMDI4ZDFhNWNjNWM1MDAyNWNhOQ', 1462849444, NULL),
(172, 1, 24, 'NTQyMDFhODVjZDczMDk4OTVkOTM3MjIzYjc0YjE1M2Y3MmNlYjkyODUwNDExZDFjMWQ4YjQyZmVmODBlMDc2ZA', 1462872328, NULL),
(173, 1, 24, 'ZjMyMjVlM2EwNmM4ODAyYjQ0MzNlYTI1YTljMzE4MmJmYTg2YTAyOWJjOWVmMGVmNWIyMTg5MTc1MzRlZDFlYw', 1462942691, NULL),
(180, 1, 24, 'NWFiNTI5OGQxOTFjMTJmNzM2YmMxOTk1ZTc0MThmZDIxMmUyYWVmNDBmMWY1YWNkZWY2MTUyYWI1OGQzZjY2OA', 1462967893, NULL),
(183, 1, 24, 'Y2YzMTU4NWU4Y2EwNWFjZGNhYjMwMjc4OWMwYzMyYjk4MmU3YzBmNzNmNzU5NWNkMzlkZDhiOWIxZWQ1ZTk0ZQ', 1463036346, NULL),
(184, 1, 24, 'YTRkYTc4NjQzY2MxMWE4YmNkYjRiNTg5NWY5NjYwY2I4YmVkNjU1NzhlYmVmMDgyZmRjZGUxOGVjNjhiMWE3YQ', 1463286241, NULL),
(186, 1, 24, 'MjAxYmE5Yzg2Nzc0YmNhNTU0YTUyNTdlYjUwMDdiYTE4Zjc4OTQ3MjNlZTFjZmU1YTU3ZDVmZDk3ZTA0OThhMA', 1463321583, NULL),
(187, 1, 24, 'OGRlNjE0M2M2MDQxMThjZGZlNDYwYTQ4ODBjYzgyOGMxYzdjZGVkZjAxYmUzODk1NDg1OGVkZjA3MTQ1NDY3Ng', 1463322172, NULL),
(188, 1, 24, 'MTQyMTczZTYyNWU0N2RiMGJhMzA3ZWU2Y2RmNWU0OTY3ZThjMGI3NzE5YzMzYmVkZWZhNjIxYzljYmJhNGVkZQ', 1463322231, NULL),
(189, 1, 24, 'ODU1OWM3N2RlNzMwZGYyMGQ4YzNkNmFlZWJjYjdmMDA2MzBiNzY0YTU3MmMxODdiYTFiOWZiNmE4OThlNzE0MQ', 1463322383, NULL),
(190, 1, 24, 'MDBhNjkxZmY5ZGY3NzkyMjI4ZmIzMTMyZDU1NGE1MmRjN2I5ZTA1NjQ2MTYzMmIwOGJjZjYyNzVhMmZiYzQyNw', 1463322430, NULL),
(192, 1, 24, 'MGNjMDdlOWE3Nzk3ZDQ2OGY2YWVhYTRhOThjYTM4NWZiNDhhNmNjYWZlNTVkZGMzZjdhOGQyYTg5NTgzZTg0Nw', 1463371920, NULL),
(193, 1, 24, 'NDcyNTEzNDVmMmFiNjMyNjYwMzI5N2ZhMWM3YjRhOTFjMmRmMTBhNDc1ZjExZGI5MThlM2M2NmM5ZTI2NTgwNg', 1463375618, NULL),
(194, 1, 24, 'YWY4MTg0MTNhMjdhMmFmNDgxNDczZTU5MzUxMjg2MTJmODc1NjY2NDczNDE2YjhhMmEyMjRhYmQzYjJhNmZjOQ', 1463375886, NULL),
(195, 1, 24, 'NGRmM2MzMjQ4OTY4YmY4NDM4NjBkMWVkYWM3ZjRhOGJmMmM1NGY5YWI0YmI3Mzc3NGQyNDQyZDU2ZTQ4OTVhYw', 1463377243, NULL),
(196, 1, 24, 'NTg4ZjU4OWI3MGFiYTZkMjEwNWJhY2RhMDY0ODE4MzJkNzZhODkwYTJjZWI2NjBkNzk0Y2VmZjM2MjJmYTM2OA', 1463380445, NULL),
(197, 1, 24, 'MmVhZDJkYjE1NzYwMDcwYmM2NmE5MmZmNTY0OGIxZDFhZWI1NDQzYTk2MjkxNWFjNTU3YzM3ZDBhMzE3MTgxZg', 1463384640, NULL),
(201, 1, 24, 'YTFlNTQ5NjgwYzQ5M2IwMjA3MzExYTQ0ODk1MWNmODUwYzA4NWEyY2RmZTA0OTEzYmUzZjI1ZTljMDkzN2FjZA', 1463397996, NULL);

-- --------------------------------------------------------

--
-- Table structure for table `states`
--

CREATE TABLE IF NOT EXISTS `states` (
  `id` int(11) NOT NULL AUTO_INCREMENT,
  `country_id` int(11) DEFAULT NULL,
  `state_name` varchar(255) COLLATE utf8_unicode_ci DEFAULT NULL,
  `state_short_name` varchar(255) COLLATE utf8_unicode_ci DEFAULT NULL,
  PRIMARY KEY (`id`),
  KEY `IDX_31C2774DF92F3E70` (`country_id`)
) ENGINE=InnoDB  DEFAULT CHARSET=utf8 COLLATE=utf8_unicode_ci AUTO_INCREMENT=6 ;

--
-- Dumping data for table `states`
--

INSERT INTO `states` (`id`, `country_id`, `state_name`, `state_short_name`) VALUES
(1, 1, 'Alabama', 'AL'),
(2, 1, 'Alaska', 'AK'),
(3, 1, 'Wisconsin', 'WI'),
(4, 1, 'South Carolina', 'SC'),
(5, 2, 'Ontario', 'ON');

-- --------------------------------------------------------

--
-- Table structure for table `universities`
--

CREATE TABLE IF NOT EXISTS `universities` (
  `id` int(11) NOT NULL AUTO_INCREMENT,
  `referral_id` int(11) DEFAULT NULL,
  `university_name` varchar(255) COLLATE utf8_unicode_ci DEFAULT NULL,
  `university_url` varchar(255) COLLATE utf8_unicode_ci DEFAULT NULL,
  `university_status` varchar(20) COLLATE utf8_unicode_ci NOT NULL DEFAULT 'Activated',
  PRIMARY KEY (`id`),
  KEY `IDX_E36065DE3CCAA4B7` (`referral_id`)
) ENGINE=InnoDB  DEFAULT CHARSET=utf8 COLLATE=utf8_unicode_ci AUTO_INCREMENT=53 ;

--
-- Dumping data for table `universities`
--

INSERT INTO `universities` (`id`, `referral_id`, `university_name`, `university_url`, `university_status`) VALUES
(1, 5, 'University of Wisconsinw', 'http://www.wisconsin.com', 'Deactivated'),
(2, 3, 'University of Carolinaa', 'abcd', 'Activated'),
(26, 4, 'University of Dhaka', 'http://du.ac.bd', 'Activated'),
(27, 2, 'University of waterloo', 'http://waterloo', 'Activated'),
(28, 2, 'University of Alabamaaa', 'ttp://Alabama', 'Activated'),
(29, 1, 'University of Chittagong', 'http://uni.chittagong', 'Activated'),
(30, 1, 'University of Massachusets', 'http://ms', 'Activated'),
(31, 1, 'University of Science & Technology', 'http://sc.tech', 'Activated'),
(32, 5, 'University of Technology', 'http://tect.du', 'Activated'),
(34, 2, 'Massachusets University', 'http://uni.edu', 'Activated'),
(35, 4, 'Science University ', 'http://sc.edu', 'Activated'),
(36, 3, 'Uni name', 'url', 'Activated'),
(37, 1, 'University', 'URL', 'Activated'),
(38, 4, 'aerfae', 'rfaerf', 'aerf'),
(39, 2, 'sdfs', 'sedfs', 'sefse'),
(40, 2, 'srf', 'srfsr', 'Activated'),
(47, 4, 'University of Hello', 'http://www.hello.com', 'Activated'),
(48, 1, 'University Name', 'Url', 'Activated'),
(49, 1, 'efzsef', 'rfserf', 'Activated'),
(50, 7, 'zsef', 'aeSEf', 'Activated'),
(51, 3, 'rgseg', 'szrgzdsr', 'Activated'),
(52, 6, 'Uni', 'url', 'Activated');

-- --------------------------------------------------------

--
-- Table structure for table `users`
--

CREATE TABLE IF NOT EXISTS `users` (
  `id` int(11) NOT NULL AUTO_INCREMENT,
  `referral_id` int(11) DEFAULT NULL,
  `campus_id` int(11) DEFAULT NULL,
  `username` varchar(255) COLLATE utf8_unicode_ci NOT NULL,
  `username_canonical` varchar(255) COLLATE utf8_unicode_ci NOT NULL,
  `email` varchar(255) COLLATE utf8_unicode_ci NOT NULL,
  `email_canonical` varchar(255) COLLATE utf8_unicode_ci NOT NULL,
  `enabled` tinyint(1) NOT NULL,
  `salt` varchar(255) COLLATE utf8_unicode_ci NOT NULL,
  `password` varchar(255) COLLATE utf8_unicode_ci NOT NULL,
  `last_login` datetime DEFAULT NULL,
  `locked` tinyint(1) NOT NULL,
  `expired` tinyint(1) NOT NULL,
  `expires_at` datetime DEFAULT NULL,
  `confirmation_token` varchar(255) COLLATE utf8_unicode_ci DEFAULT NULL,
  `password_requested_at` datetime DEFAULT NULL,
  `roles` longtext COLLATE utf8_unicode_ci NOT NULL COMMENT '(DC2Type:array)',
  `credentials_expired` tinyint(1) NOT NULL,
  `credentials_expire_at` datetime DEFAULT NULL,
  `full_name` varchar(255) COLLATE utf8_unicode_ci DEFAULT NULL,
  `google_id` varchar(255) COLLATE utf8_unicode_ci DEFAULT NULL,
  `google_email` varchar(255) COLLATE utf8_unicode_ci DEFAULT NULL,
  `google_token` varchar(255) COLLATE utf8_unicode_ci DEFAULT NULL,
  `facebook_id` varchar(255) COLLATE utf8_unicode_ci DEFAULT NULL,
  `facebook_email` varchar(255) COLLATE utf8_unicode_ci DEFAULT NULL,
  `facebook_token` varchar(255) COLLATE utf8_unicode_ci DEFAULT NULL,
  `registration_status` varchar(255) COLLATE utf8_unicode_ci DEFAULT NULL,
  PRIMARY KEY (`id`),
  UNIQUE KEY `UNIQ_1483A5E992FC23A8` (`username_canonical`),
  UNIQUE KEY `UNIQ_1483A5E9A0D96FBF` (`email_canonical`),
  KEY `IDX_1483A5E93CCAA4B7` (`referral_id`),
  KEY `IDX_1483A5E9AF5D55E1` (`campus_id`)
) ENGINE=InnoDB  DEFAULT CHARSET=utf8 COLLATE=utf8_unicode_ci AUTO_INCREMENT=51 ;

--
-- Dumping data for table `users`
--

INSERT INTO `users` (`id`, `referral_id`, `campus_id`, `username`, `username_canonical`, `email`, `email_canonical`, `enabled`, `salt`, `password`, `last_login`, `locked`, `expired`, `expires_at`, `confirmation_token`, `password_requested_at`, `roles`, `credentials_expired`, `credentials_expire_at`, `full_name`, `google_id`, `google_email`, `google_token`, `facebook_id`, `facebook_email`, `facebook_token`, `registration_status`) VALUES
(24, 7, 32, 'sujit', 'sujit', 'sujit@brainstation-23.com', 'sujit@brainstation-23.com', 1, '8(xf7yZ59f=9FcYWJCfX', '27bbe821dc2ff5be9301eb36488bbf56', '2016-05-02 13:55:32', 0, 0, NULL, NULL, NULL, 'a:1:{i:0;s:16:"ROLE_NORMAL_USER";}', 0, NULL, 'Sujit Ghosh', NULL, NULL, NULL, NULL, NULL, NULL, 'complete'),
(25, 9, 23, 'sujit1', 'sujit1', 'sujit13666@gmail.com', 'sujit13666@gmail.com', 1, 'DpY36yrSw562ss4++R7-', '964ac90be2caddce4718914f56e49a80', '2016-02-22 15:35:18', 0, 0, NULL, 'ZmaYFDqCnvP-w7ESO8O2V6-BNJCfN8dxASgt1XhqEQE', '2016-03-31 10:18:08', 'a:1:{i:0;s:16:"ROLE_NORMAL_USER";}', 0, NULL, 'Sujit', NULL, NULL, NULL, NULL, NULL, NULL, 'complete'),
(26, 3, 21, 'sujit3', 'sujit3', '123465@asd.com', '12341423@zxdrghsdrt.xtfrjh', 0, 'FN7vD+K6Q3gHM)YDMth8', '5acc4d96e753a65b77c656b7e4296833', NULL, 0, 0, NULL, NULL, NULL, 'a:1:{i:0;s:16:"ROLE_NORMAL_USER";}', 0, NULL, 'Sujit', NULL, NULL, NULL, NULL, NULL, NULL, 'complete'),
(27, 4, 32, 'sujit5', 'sujit5', 'sujit.bit.0329@gmail.com', 'sujit.bit.0329@gmail.com', 1, '_((t8D7F_3YVG6+CXYF_', 'ae49666cb702cb99fbcc0fd25cc33ec4', NULL, 0, 0, NULL, 'm2b0m83fQULzmrv1zfIRyaGqiJDZ34ADxR0gDckMXq8', NULL, 'a:1:{i:0;s:16:"ROLE_NORMAL_USER";}', 0, NULL, 'Sujit', NULL, NULL, NULL, NULL, NULL, NULL, 'complete'),
(28, 5, 21, 'maniac', 'maniac', 'sujit.ghosh@bs-23.com2', 'sujit.ghosh@bs-23.com2', 0, '+GvbswtfG=w2nRrg7p6=', '931ff264e8d7541d3fb938a0b61f3e3d', NULL, 0, 0, NULL, '3HsjID1dE-CVW1TjHSd-Z9dLdsV2k3c-IFBukjjFwEs', NULL, 'a:1:{i:0;s:16:"ROLE_NORMAL_USER";}', 0, NULL, 'Hello User', NULL, NULL, NULL, NULL, NULL, NULL, 'complete'),
(29, 5, 21, 'sujit.sh', 'sujit.sh', 'maniac.sujit@rg.sf', 'maniac.sujit@rg.sf', 0, '-sPBGZn3dFyQbSX7cJPV', '55030a66655c43800540b9751057db2a', NULL, 0, 0, NULL, 's49WG7z5VpnhuLf6-5Z_Nq_LxKennJmouKSPg7J7oXE', NULL, 'a:1:{i:0;s:16:"ROLE_NORMAL_USER";}', 0, NULL, 'sujit', NULL, NULL, NULL, NULL, NULL, NULL, 'complete'),
(30, 6, 21, 'sujit2323', 'sujit2323', 'uyfjuyfjf@ugyuk.aerfa', 'uyfjuyfjf@ugyuk.aerfa', 0, 'Xdx8nFdCcSQhysbw(wZ_', '1de71cef1d58c67468c737f73d3b3ac9', NULL, 0, 0, NULL, 'z8t8V0KOPxuqRp9FBnOxeJmQX4k3nazUpb-OMqHXVkQ', NULL, 'a:1:{i:0;s:16:"ROLE_NORMAL_USER";}', 0, NULL, 'ukgyukyg', NULL, NULL, NULL, NULL, NULL, NULL, 'complete'),
(31, 6, 22, 'sujit13', 'sujit13', 'sijujg@kgujbk.serg', 'sijujg@kgujbk.serg', 0, 'njBXxV35d3RvCfn)3GnG', '3af33c8be9448cd7326de07e04966885', NULL, 0, 0, NULL, '-2JHK33_6wX3IedOIYeP0S9eHrRjzAUbirNohUbr6nU', NULL, 'a:1:{i:0;s:16:"ROLE_NORMAL_USER";}', 0, NULL, 'Sujit Ghosh', NULL, NULL, NULL, NULL, NULL, NULL, 'complete'),
(32, 4, 21, 'rfgserfg', 'rfgserfg', 'aerfgaerf@serg.rd', 'aerfgaerf@serg.rd', 0, 'vN+6Q6Tw)sWk=hc=KVB5', '746177def23d63dc6ce376b16bdfb8ad', NULL, 0, 0, NULL, 'Nag2smEEOJOcIjXtrAJMJYz0c25bh17WNjGDUkW71lc', NULL, 'a:1:{i:0;s:16:"ROLE_NORMAL_USER";}', 0, NULL, 'dzsrgsterg', NULL, NULL, NULL, NULL, NULL, NULL, 'complete'),
(33, 3, 21, 'srtgsrt', 'srtgsrt', 'sdrtghertg@rtfh.tfj', 'sdrtghertg@rtfh.tfj', 0, 'FCs+gyY68b_CP4RNyKFy', '191923fe32b59155b400f0626bb38c12', NULL, 0, 0, NULL, 'UQnM2HdmT7FGQOz7mzFaxmiKMREnH6-qdvRuD-sBQ1M', NULL, 'a:1:{i:0;s:16:"ROLE_NORMAL_USER";}', 0, NULL, 'easrgsergser', NULL, NULL, NULL, NULL, NULL, NULL, 'complete'),
(34, 3, 22, 'aerfgaesr', 'aerfgaesr', 'ser@srtgh.dty', 'ser@srtgh.dty', 0, 'nYncXKmM=6d+(JPt8vnN', '22cf80e24ea7110cffa59daf877a44da', NULL, 0, 0, NULL, 'jpkyYs-WA1yTuZjfen2KYKa5zRK79dtOMPRLQpi2Ric', NULL, 'a:1:{i:0;s:16:"ROLE_NORMAL_USER";}', 0, NULL, 'aser', NULL, NULL, NULL, NULL, NULL, NULL, 'complete'),
(35, 3, 22, 'uygukyg', 'uygukyg', 'kugyukyg@kugyuk.aerf', 'kugyukyg@kugyuk.aerf', 0, 'd(mDyFxK-P+8XrR(MS+d', 'df7ead77e2cb7ce6b0fe4255bec4dee5', NULL, 0, 0, NULL, 'qsJzB67Z7XGLKUE_49KOFK_bvlWHO4cLvQ53XVpYsSk', NULL, 'a:1:{i:0;s:16:"ROLE_NORMAL_USER";}', 0, NULL, 'Sujit', NULL, NULL, NULL, NULL, NULL, NULL, 'complete'),
(36, 4, 21, 'uyjfjyfjy@uyfuky', 'uyjfjyfjy@uyfuky', 'rgzedrg@sghsr.rth', 'rgzedrg@sghsr.rth', 0, 'V-vvVcMYw-txX3z4BNM=', 'c1ab3306a2802c6cf7414f64d8e43a3c', NULL, 0, 0, NULL, 'Gj4r0Vxk2G1kq1ReXz9Jw3xMiI7yxI8Ma99ztqEHjIU', NULL, 'a:1:{i:0;s:16:"ROLE_NORMAL_USER";}', 0, NULL, 'uyfguyjfjyf', NULL, NULL, NULL, NULL, NULL, NULL, 'complete'),
(37, 7, 22, 'sujit.uigy', 'sujit.uigy', 'maniac@ui.erg', 'maniac@ui.erg', 0, 'c=h7FwkjsGJtRSy2R_Fw', 'fd140b1d9a1d6b0a7f98550e01f74bcc', NULL, 0, 0, NULL, '3nVOg--LQRk--jekd4LhqlqE66BUO6a5qnfer48AJPU', NULL, 'a:1:{i:0;s:16:"ROLE_NORMAL_USER";}', 0, NULL, 'Sujit', NULL, NULL, NULL, NULL, NULL, NULL, 'complete'),
(38, 5, 21, 'ukyguykguky', 'ukyguykguky', 'uyfgu@uiui.serg', 'uyfgu@uiui.serg', 0, 'wbDKHmm(zjT6ssqPzr6T', '0d6a22aa53e009b6f2c9e4be98ee9ef9', NULL, 0, 0, NULL, 'nfWk4V1EszBD_EdZCXSctNY1W1AJqu21LbuzMHRDTXc', NULL, 'a:1:{i:0;s:16:"ROLE_NORMAL_USER";}', 0, NULL, 'Sujit', NULL, NULL, NULL, NULL, NULL, NULL, 'complete'),
(39, 5, 29, 'uyguyguk', 'uyguyguk', 'guku@gukui.aserg', 'guku@gukui.aserg', 0, '_HMMs2-gSK86FmsgdjMs', 'c47a87c25e0a9e47f81c2ac76b2e847d', NULL, 0, 0, NULL, '1tr1soSqnjEz898WsMr54Y0s5379s79fQ6m4GEJVKQw', NULL, 'a:1:{i:0;s:16:"ROLE_NORMAL_USER";}', 0, NULL, 'Sujit', NULL, NULL, NULL, NULL, NULL, NULL, 'complete'),
(40, 5, 20, 'uygkuyguky', 'uygkuyguky', 'ukygukyg@guiuk.serg', 'ukygukyg@guiuk.serg', 0, 'bzgvVK37XFHFC9_=Wm9t', '35d187f1e2fe189ce870048ca968ecd4', NULL, 0, 0, NULL, 'DQQec0MwAua3EDmZ6vkhNHetVXHwr7ejQG264vKrDWg', NULL, 'a:1:{i:0;s:16:"ROLE_NORMAL_USER";}', 0, NULL, 'ujyfukyk', NULL, NULL, NULL, NULL, NULL, NULL, 'complete'),
(41, 5, 23, 'gukugyuk', 'gukugyuk', 'ukyfguj@ukyguk.serg', 'ukyfguj@ukyguk.serg', 1, 'NXzQYmm8QytdqC-KZPzv', 'b80dcdc46dea01d8ff2656feeea3b642', '2016-04-01 16:02:15', 0, 0, NULL, NULL, NULL, 'a:1:{i:0;s:16:"ROLE_NORMAL_USER";}', 0, NULL, 'guyukygk', NULL, NULL, NULL, NULL, NULL, NULL, 'complete'),
(42, 6, 22, 'srgzsdrg', 'srgzsdrg', 'zxdrgdrg@asegtser.xdrh', 'zxdrgdrg@asegtser.xdrh', 1, 'KD8mq(ScPXBCBXn6vj9B', '271186c6fc63e9f671abbfda2f14cc16', '2016-04-01 16:03:46', 0, 0, NULL, NULL, NULL, 'a:1:{i:0;s:16:"ROLE_NORMAL_USER";}', 0, NULL, 'srgszerg', NULL, NULL, NULL, NULL, NULL, NULL, 'complete'),
(46, 4, 21, 'ukygku', 'ukygku', 'sujit.ghosh@bs-23.comsdr', 'sujit.ghosh@bs-23.comsdr', 0, 'zGcP(dvQZQNY)FH4f)Bj', '3e0b8a344816fa2ddf5889d1ac5604ba', NULL, 0, 0, NULL, 'Zb1xSGIouZ-6sEpXa0QEwYtMkTnlw_Wdid1s-bVMrU4', NULL, 'a:1:{i:0;s:16:"ROLE_NORMAL_USER";}', 0, NULL, 'uygukyg', NULL, NULL, NULL, NULL, NULL, NULL, 'complete'),
(47, 3, 21, 'zsef', 'zsef', 'zSEf@serf.rt', 'zsef@serf.rt', 0, 'pqcYxdbnd7mjYPt-BTW_', 'c22e662cb4ee700cfac894f0b8807b3a', NULL, 0, 0, NULL, 'S9AYQIldR9N58c6ohmvWvXMlbushUYX3Y4uewYSvEuk', '2016-04-04 17:42:56', 'a:1:{i:0;s:16:"ROLE_NORMAL_USER";}', 0, NULL, 'zsefzsef', NULL, NULL, NULL, NULL, NULL, NULL, 'complete'),
(48, 3, 21, 'aefsaEf', 'aefsaef', 'sEF@drgh.xfth', 'sef@drgh.xfth', 0, 's9JyKc7Nvw(-m9RxNx4m', '3ad78f57f9f404741bae298899764bf7', NULL, 0, 0, NULL, '6xk8FoQIt3-rNtQh12CvtN_0DVrnCZtAmX8zKYCYqys', NULL, 'a:1:{i:0;s:16:"ROLE_NORMAL_USER";}', 0, NULL, 'wef', NULL, NULL, NULL, NULL, NULL, NULL, 'complete'),
(49, 4, 22, 'zsefZSEf', 'zsefzsef', 'ser@cth.tf', 'ser@cth.tf', 0, 'xc+qgsN=D4S+56=BSKgY', '8a25f5f869621bd8c63129f8e2bbaf79', NULL, 0, 0, NULL, '_KpEe1VLDuBLyo48efsJoNlnSWmzcuoJdzGNhLI78cs', NULL, 'a:1:{i:0;s:16:"ROLE_NORMAL_USER";}', 0, NULL, 'asef', NULL, NULL, NULL, NULL, NULL, NULL, 'complete'),
(50, 5, 22, 'zsdrg@', 'zsdrg@', 'sert5@dcrtj6.drt', 'sert5@dcrtj6.drt', 0, '55pHq-mPH2WrNVTFgJC4', 'bcff02a92038b7d8a9ecc87900029fbe', NULL, 0, 0, NULL, '4gBS39ft5uUvgUZWDLg_gOMx9_5zxWLKaLOYiVaO3jo', NULL, 'a:1:{i:0;s:16:"ROLE_NORMAL_USER";}', 0, NULL, 'esr', NULL, NULL, NULL, NULL, NULL, NULL, 'complete');

-- --------------------------------------------------------

--
-- Table structure for table `wish_list`
--

CREATE TABLE IF NOT EXISTS `wish_list` (
  `id` int(11) NOT NULL AUTO_INCREMENT,
  `user_id` int(11) DEFAULT NULL,
  `book_id` int(11) DEFAULT NULL,
  PRIMARY KEY (`id`),
  KEY `IDX_5B8739BDA76ED395` (`user_id`),
  KEY `IDX_5B8739BD16A2B381` (`book_id`)
) ENGINE=InnoDB  DEFAULT CHARSET=utf8 COLLATE=utf8_unicode_ci AUTO_INCREMENT=11 ;

--
-- Dumping data for table `wish_list`
--

INSERT INTO `wish_list` (`id`, `user_id`, `book_id`) VALUES
(5, 24, 8),
(6, 24, 37),
(7, 24, 24),
(8, 24, 23),
(9, 24, 26),
(10, 24, 46);

--
-- Constraints for dumped tables
--

--
-- Constraints for table `access_token`
--
ALTER TABLE `access_token`
  ADD CONSTRAINT `FK_B6A2DD6819EB6921` FOREIGN KEY (`client_id`) REFERENCES `client` (`id`),
  ADD CONSTRAINT `FK_B6A2DD68A76ED395` FOREIGN KEY (`user_id`) REFERENCES `users` (`id`);

--
-- Constraints for table `auth_code`
--
ALTER TABLE `auth_code`
  ADD CONSTRAINT `FK_5933D02C19EB6921` FOREIGN KEY (`client_id`) REFERENCES `client` (`id`),
  ADD CONSTRAINT `FK_5933D02CA76ED395` FOREIGN KEY (`user_id`) REFERENCES `users` (`id`);

--
-- Constraints for table `book_deal_images`
--
ALTER TABLE `book_deal_images`
  ADD CONSTRAINT `FK_A6AF729A652E0B93` FOREIGN KEY (`book_deal_id`) REFERENCES `book_deals` (`id`);

--
-- Constraints for table `book_deals`
--
ALTER TABLE `book_deals`
  ADD CONSTRAINT `FK_E1FB91E216A2B381` FOREIGN KEY (`book_id`) REFERENCES `books` (`id`),
  ADD CONSTRAINT `FK_E1FB91E26C755722` FOREIGN KEY (`buyer_id`) REFERENCES `users` (`id`),
  ADD CONSTRAINT `FK_E1FB91E28DE820D9` FOREIGN KEY (`seller_id`) REFERENCES `users` (`id`);

--
-- Constraints for table `campuses`
--
ALTER TABLE `campuses`
  ADD CONSTRAINT `FK_80EFFAE8309D1878` FOREIGN KEY (`university_id`) REFERENCES `universities` (`id`),
  ADD CONSTRAINT `FK_80EFFAE85D83CC1` FOREIGN KEY (`state_id`) REFERENCES `states` (`id`);

--
-- Constraints for table `contact`
--
ALTER TABLE `contact`
  ADD CONSTRAINT `FK_4C62E638652E0B93` FOREIGN KEY (`book_deal_id`) REFERENCES `book_deals` (`id`),
  ADD CONSTRAINT `FK_4C62E6386C755722` FOREIGN KEY (`buyer_id`) REFERENCES `users` (`id`);

--
-- Constraints for table `messages`
--
ALTER TABLE `messages`
  ADD CONSTRAINT `FK_DB021E96A76ED395` FOREIGN KEY (`user_id`) REFERENCES `users` (`id`),
  ADD CONSTRAINT `FK_DB021E96E7A1254A` FOREIGN KEY (`contact_id`) REFERENCES `contact` (`id`);

--
-- Constraints for table `refresh_token`
--
ALTER TABLE `refresh_token`
  ADD CONSTRAINT `FK_C74F219519EB6921` FOREIGN KEY (`client_id`) REFERENCES `client` (`id`),
  ADD CONSTRAINT `FK_C74F2195A76ED395` FOREIGN KEY (`user_id`) REFERENCES `users` (`id`);

--
-- Constraints for table `states`
--
ALTER TABLE `states`
  ADD CONSTRAINT `FK_31C2774DF92F3E70` FOREIGN KEY (`country_id`) REFERENCES `countries` (`id`);

--
-- Constraints for table `universities`
--
ALTER TABLE `universities`
  ADD CONSTRAINT `FK_E36065DE3CCAA4B7` FOREIGN KEY (`referral_id`) REFERENCES `referrals` (`id`);

--
-- Constraints for table `users`
--
ALTER TABLE `users`
  ADD CONSTRAINT `FK_1483A5E93CCAA4B7` FOREIGN KEY (`referral_id`) REFERENCES `referrals` (`id`),
  ADD CONSTRAINT `FK_1483A5E9AF5D55E1` FOREIGN KEY (`campus_id`) REFERENCES `campuses` (`id`);

--
-- Constraints for table `wish_list`
--
ALTER TABLE `wish_list`
  ADD CONSTRAINT `FK_5B8739BD16A2B381` FOREIGN KEY (`book_id`) REFERENCES `books` (`id`),
  ADD CONSTRAINT `FK_5B8739BDA76ED395` FOREIGN KEY (`user_id`) REFERENCES `users` (`id`);

/*!40101 SET CHARACTER_SET_CLIENT=@OLD_CHARACTER_SET_CLIENT */;
/*!40101 SET CHARACTER_SET_RESULTS=@OLD_CHARACTER_SET_RESULTS */;
/*!40101 SET COLLATION_CONNECTION=@OLD_COLLATION_CONNECTION */;
